Gen,Region,Dex#,Name *,Code,Type 1,Type 2,FormType,Column 22,Column 23,Column 24,Column 25,Column 26,,,,,,,,,,
1,Kanto,0001,Bulbasaur,00000001,Grass,Poison,,,,,,,,,,,,,,,
1,Kanto,0002,Ivysaur,00000002,Grass,Poison,,,,,,,,,,,,,,,
1,Kanto,0003,Venusaur,00000003,Grass,Poison,,,,,,,,,,,,,,,
1,Kanto,0003.1,Venusaur Mega,00000004,Grass,Poison,,,,,,,,,,,,,,,
1,Kanto,0003.2,Venusaur Gmax,00000005,Grass,Poison,,,,,,,,,,,,,,,
1,Kanto,0004,Charmander,00000006,Fire,xMono,,,,,,,,,,,,,,,
1,Kanto,0005,Charmeleon,00000007,Fire,xMono,,,,,,,,,,,,,,,
1,Kanto,0006,Charizard,00000008,Fire,Flying,,,,,,,,,,,,,,,
1,Kanto,0006.1,Charizard Mega X,00000009,Fire,Dragon,,,,,,,,,,,,,,,
1,Kanto,0006.2,Charizard Mega Y,00000010,Fire,Flying,,,,,,,,,,,,,,,
1,Kanto,0006.3,Charizard Gmax,00000011,Fire,Flying,,,,,,,,,,,,,,,
1,Kanto,0007,Squirtle,00000012,Water,xMono,,,,,,,,,,,,,,,
1,Kanto,0008,Wartortle,00000013,Water,xMono,,,,,,,,,,,,,,,
1,Kanto,0009,Blastoise,00000014,Water,xMono,,,,,,,,,,,,,,,
1,Kanto,0009.1,Blastoise Mega,00000015,Water,xMono,,,,,,,,,,,,,,,
1,Kanto,0009.2,Blastoise Gmax,00000016,Water,xMono,,,,,,,,,,,,,,,
1,Kanto,0010,Caterpie,00000017,Bug,xMono,,,,,,,,,,,,,,,
1,Kanto,0010.1,Cowboy Hat Caterpie,00000018,Bug,xMono,,,,,,,,,,,,,,,
1,Kanto,0011,Metapod,00000019,Bug,xMono,,,,,,,,,,,,,,,
1,Kanto,0012,Butterfree,00000020,Bug,Flying,,,,,,,,,,,,,,,
1,Kanto,0012.1,Butterfree Gmax,00000021,Bug,Flying,,,,,,,,,,,,,,,
1,Kanto,0013,Weedle,00000022,Bug,Poison,,,,,,,,,,,,,,,
1,Kanto,0014,Kakuna,00000023,Bug,Poison,,,,,,,,,,,,,,,
1,Kanto,0015,Beedrill,00000024,Bug,Poison,,,,,,,,,,,,,,,
1,Kanto,0015.1,Beedrill Mega,00000025,Bug,Poison,,,,,,,,,,,,,,,
1,Kanto,0016,Pidgey,00000026,Normal,Flying,,,,,,,,,,,,,,,
1,Kanto,0017,Pidgeotto,00000027,Normal,Flying,,,,,,,,,,,,,,,
1,Kanto,0018,Pidgeot,00000028,Normal,Flying,,,,,,,,,,,,,,,
1,Kanto,0018.1,Pidgeot Mega,00000029,Normal,Flying,,,,,,,,,,,,,,,
1,Kanto,0019,Rattata,00000030,Normal,xMono,,,,,,,,,,,,,,,
1,Alola,0019.1,Rattata Alola,00000031,Dark,Normal,,,,,,,,,,,,,,,
1,Kanto,0020,Raticate,00000032,Normal,xMono,,,,,,,,,,,,,,,
1,Alola,0020.1,Raticate Alola,00000033,Dark,Normal,,,,,,,,,,,,,,,
1,Kanto,0021,Spearow,00000034,Normal,Flying,,,,,,,,,,,,,,,
1,Kanto,0022,Fearow,00000035,Normal,Flying,,,,,,,,,,,,,,,
1,Kanto,0023,Ekans,00000036,Poison,xMono,,,,,,,,,,,,,,,
1,Kanto,0024,Arbok,00000037,Poison,xMono,,,,,,,,,,,,,,,
1,Kanto,0025,Pikachu,00000038,Electric,xMono,,,,,,,,,,,,,,,
1,Kanto,0025.1,Pikachu Partner,00000039,Electric,xMono,,,,,,,,,,,,,,,
1,Kanto,0025.2,Pikachu Gmax,00000040,Electric,xMono,,,,,,,,,,,,,,,
1,Kanto,0026,Raichu,00000041,Electric,xMono,,,,,,,,,,,,,,,
1,Alola,0026.1,Raichu Alola,00000042,Electric,Psychic,,,,,,,,,,,,,,,
1,Kanto,0026.2,Raichu Mega X,00000043,Electric,xMono,,,,,,,,,,,,,,,
1,Kanto,0026.3,Raichu Mega Y,00000044,Electric,xMono,,,,,,,,,,,,,,,
1,Kanto,0027,Sandshrew,00000045,Ground,xMono,,,,,,,,,,,,,,,
1,Alola,0027.1,Sandshrew Alola,00000046,Ice,Steel,,,,,,,,,,,,,,,
1,Kanto,0028,Sandslash,00000047,Ground,xMono,,,,,,,,,,,,,,,
1,Alola,0028.1,Sandslash Alola,00000048,Ice,Steel,,,,,,,,,,,,,,,
1,Kanto,0029,Nidoran Female,00000049,Poison,xMono,,,,,,,,,,,,,,,
1,Kanto,0030,Nidorina,00000050,Poison,xMono,,,,,,,,,,,,,,,
1,Kanto,0031,Nidoqueen,00000051,Poison,Ground,,,,,,,,,,,,,,,
1,Kanto,0032,Nidoran Male,00000052,Poison,xMono,,,,,,,,,,,,,,,
1,Kanto,0033,Nidorino,00000053,Poison,xMono,,,,,,,,,,,,,,,
1,Kanto,0034,Nidoking,00000054,Poison,Ground,,,,,,,,,,,,,,,
1,Kanto,0035,Clefairy,00000055,Fairy,xMono,,,,,,,,,,,,,,,
1,Kanto,0036,Clefable,00000056,Fairy,xMono,,,,,,,,,,,,,,,
1,Kanto,0036.1,Clefable Mega,00000057,Fairy,Flying,,,,,,,,,,,,,,,
1,Kanto,0037,Vulpix,00000058,Fire,xMono,,,,,,,,,,,,,,,
1,Alola,0037.1,Vulpix Alola,00000059,Ice,xMono,,,,,,,,,,,,,,,
1,Kanto,0038,Ninetales,00000060,Fire,xMono,,,,,,,,,,,,,,,
1,Alola,0038.1,Ninetales Alola,00000061,Ice,Fairy,,,,,,,,,,,,,,,
1,Kanto,0039,Jigglypuff,00000062,Normal,Fairy,,,,,,,,,,,,,,,
1,Kanto,0040,Wigglytuff,00000063,Normal,Fairy,,,,,,,,,,,,,,,
1,Kanto,0041,Zubat,00000064,Poison,Flying,,,,,,,,,,,,,,,
1,Kanto,0042,Golbat,00000065,Poison,Flying,,,,,,,,,,,,,,,
1,Kanto,0043,Oddish,00000066,Grass,Poison,,,,,,,,,,,,,,,
1,Kanto,0044,Gloom,00000067,Grass,Poison,,,,,,,,,,,,,,,
1,Kanto,0045,Vileplume,00000068,Grass,Poison,,,,,,,,,,,,,,,
1,Kanto,0046,Paras,00000069,Bug,Grass,,,,,,,,,,,,,,,
1,Kanto,0047,Parasect,00000070,Bug,Grass,,,,,,,,,,,,,,,
1,Kanto,0048,Venonat,00000071,Bug,Poison,,,,,,,,,,,,,,,
1,Kanto,0049,Venomoth,00000072,Bug,Poison,,,,,,,,,,,,,,,
1,Kanto,0050,Diglett,00000073,Ground,xMono,,,,,,,,,,,,,,,
1,Alola,0050.1,Diglett Alola,00000074,Ground,Steel,,,,,,,,,,,,,,,
1,Kanto,0051,Dugtrio,00000075,Ground,xMono,,,,,,,,,,,,,,,
1,Alola,0051.1,Dugtrio Alola,00000076,Ground,Steel,,,,,,,,,,,,,,,
1,Kanto,0052,Meowth,00000077,Normal,xMono,,,,,,,,,,,,,,,
1,Alola,0052.1,Meowth Alola,00000078,Dark,xMono,,,,,,,,,,,,,,,
1,Galar,0052.2,Meowth Galar,00000079,Steel,xMono,,,,,,,,,,,,,,,
1,Kanto,0052.3,Meowth Gmax,00000080,Normal,xMono,,,,,,,,,,,,,,,
1,Kanto,0053,Persian,00000081,Normal,xMono,,,,,,,,,,,,,,,
1,Alola,0053.1,Persian Alola,00000082,Dark,xMono,,,,,,,,,,,,,,,
1,Kanto,0054,Psyduck,00000083,Water,xMono,,,,,,,,,,,,,,,
1,Kanto,0055,Golduck,00000084,Water,xMono,,,,,,,,,,,,,,,
1,Kanto,0056,Mankey,00000085,Fighting,xMono,,,,,,,,,,,,,,,
1,Kanto,0057,Primeape,00000086,Fighting,xMono,,,,,,,,,,,,,,,
1,Kanto,0058,Growlithe,00000087,Fire,xMono,,,,,,,,,,,,,,,
1,Hisui,0058.1,Growlithe Hisui,00000088,Fire,Rock,,,,,,,,,,,,,,,
1,Kanto,0059,Arcanine,00000089,Fire,xMono,,,,,,,,,,,,,,,
1,Hisui,0059.1,Arcanine Hisui,00000090,Fire,Rock,,,,,,,,,,,,,,,
1,Kanto,0060,Poliwag,00000091,Water,xMono,,,,,,,,,,,,,,,
1,Kanto,0061,Poliwhirl,00000092,Water,xMono,,,,,,,,,,,,,,,
1,Kanto,0062,Poliwrath,00000093,Water,Fighting,,,,,,,,,,,,,,,
1,Kanto,0063,Abra,00000094,Psychic,xMono,,,,,,,,,,,,,,,
1,Kanto,0064,Kadabra,00000095,Psychic,xMono,,,,,,,,,,,,,,,
1,Kanto,0065,Alakazam,00000096,Psychic,xMono,,,,,,,,,,,,,,,
1,Kanto,0065.1,Alakazam Mega,00000097,Psychic,xMono,,,,,,,,,,,,,,,
1,Kanto,0066,Machop,00000098,Fighting,xMono,,,,,,,,,,,,,,,
1,Kanto,0067,Machoke,00000099,Fighting,xMono,,,,,,,,,,,,,,,
1,Kanto,0068,Machamp,00000100,Fighting,xMono,,,,,,,,,,,,,,,
1,Kanto,0068.1,Machamp Gmax,00000101,Fighting,xMono,,,,,,,,,,,,,,,
1,Kanto,0069,Bellsprout,00000102,Grass,Poison,,,,,,,,,,,,,,,
1,Kanto,0070,Weepinbell,00000103,Grass,Poison,,,,,,,,,,,,,,,
1,Kanto,0071,Victreebel,00000104,Grass,Poison,,,,,,,,,,,,,,,
1,Kanto,0071.1,Victreebel Mega,00000105,Grass,Poison,,,,,,,,,,,,,,,
1,Kanto,0072,Tentacool,00000106,Water,Poison,,,,,,,,,,,,,,,
1,Kanto,0073,Tentacruel,00000107,Water,Poison,,,,,,,,,,,,,,,
1,Kanto,0074,Geodude,00000108,Rock,Ground,,,,,,,,,,,,,,,
1,Alola,0074.1,Geodude Alola,00000109,Rock,Electric,,,,,,,,,,,,,,,
1,Kanto,0075,Graveler,00000110,Rock,Ground,,,,,,,,,,,,,,,
1,Alola,0075.1,Graveler Alola,00000111,Rock,Electric,,,,,,,,,,,,,,,
1,Kanto,0076,Golem,00000112,Rock,Ground,,,,,,,,,,,,,,,
1,Alola,0076.1,Golem Alola,00000113,Rock,Electric,,,,,,,,,,,,,,,
1,Kanto,0077,Ponyta,00000114,Fire,xMono,,,,,,,,,,,,,,,
1,Galar,0077.1,Ponyta Galar,00000115,Psychic,xMono,,,,,,,,,,,,,,,
1,Kanto,0078,Rapidash,00000116,Fire,xMono,,,,,,,,,,,,,,,
1,Galar,0078.1,Rapidash Galar,00000117,Psychic,Fairy,,,,,,,,,,,,,,,
1,Kanto,0079,Slowpoke,00000118,Water,Psychic,,,,,,,,,,,,,,,
1,Galar,0079.1,Slowpoke Galar,00000119,Psychic,xMono,,,,,,,,,,,,,,,
1,Kanto,0080,Slowbro,00000120,Water,Psychic,,,,,,,,,,,,,,,
1,Kanto,0080.1,Slowbro Mega,00000121,Water,Psychic,,,,,,,,,,,,,,,
1,Galar,0080.2,Slowbro Galar,00000122,Poison,Psychic,,,,,,,,,,,,,,,
1,Kanto,0081,Magnemite,00000123,Electric,Steel,,,,,,,,,,,,,,,
1,Kanto,0082,Magneton,00000124,Electric,Steel,,,,,,,,,,,,,,,
1,Kanto,0083,Farfetchd,00000125,Normal,Flying,,,,,,,,,,,,,,,
1,Galar,0083.1,Farfetchd Galar,00000126,Fighting,xMono,,,,,,,,,,,,,,,
1,Kanto,0084,Doduo,00000127,Normal,Flying,,,,,,,,,,,,,,,
1,Kanto,0085,Dodrio,00000128,Normal,Flying,,,,,,,,,,,,,,,
1,Kanto,0086,Seel,00000129,Water,xMono,,,,,,,,,,,,,,,
1,Kanto,0087,Dewgong,00000130,Water,Ice,,,,,,,,,,,,,,,
1,Kanto,0088,Grimer,00000131,Poison,xMono,,,,,,,,,,,,,,,
1,Alola,0088.1,Grimer Alola,00000132,Poison,Dark,,,,,,,,,,,,,,,
1,Kanto,0089,Muk,00000133,Poison,xMono,,,,,,,,,,,,,,,
1,Alola,0089.1,Muk Alola,00000134,Poison,Dark,,,,,,,,,,,,,,,
1,Kanto,0090,Shellder,00000135,Water,xMono,,,,,,,,,,,,,,,
1,Kanto,0091,Cloyster,00000136,Water,Ice,,,,,,,,,,,,,,,
1,Kanto,0092,Gastly,00000137,Ghost,Poison,,,,,,,,,,,,,,,
1,Kanto,0093,Haunter,00000138,Ghost,Poison,,,,,,,,,,,,,,,
1,Kanto,0094,Gengar,00000139,Ghost,Poison,,,,,,,,,,,,,,,
1,Kanto,0094.1,Gengar Mega,00000140,Ghost,Poison,,,,,,,,,,,,,,,
1,Kanto,0094.2,Gengar Gmax,00000141,Ghost,Poison,,,,,,,,,,,,,,,
1,Kanto,0095,Onix,00000142,Rock,Ground,,,,,,,,,,,,,,,
1,Kanto,0096,Drowzee,00000143,Psychic,xMono,,,,,,,,,,,,,,,
1,Kanto,0097,Hypno,00000144,Psychic,xMono,,,,,,,,,,,,,,,
1,Kanto,0098,Krabby,00000145,Water,xMono,,,,,,,,,,,,,,,
1,Kanto,0099,Kingler,00000146,Water,xMono,,,,,,,,,,,,,,,
1,Kanto,0099.1,Kingler Gmax,00000147,Water,xMono,,,,,,,,,,,,,,,
1,Kanto,0100,Voltorb,00000148,Electric,xMono,,,,,,,,,,,,,,,
1,Hisui,0100.1,Voltorb Hisui,00000149,Electric,Grass,,,,,,,,,,,,,,,
1,Kanto,0101,Electrode,00000150,Electric,xMono,,,,,,,,,,,,,,,
1,Hisui,0101.1,Electrode Hisui,00000151,Electric,Grass,,,,,,,,,,,,,,,
1,Kanto,0102,Exeggcute,00000152,Grass,Psychic,,,,,,,,,,,,,,,
1,Kanto,0103,Exeggutor,00000153,Grass,Psychic,,,,,,,,,,,,,,,
1,Alola,0103.1,Exeggutor Alola,00000154,Grass,Dragon,,,,,,,,,,,,,,,
1,Kanto,0104,Cubone,00000155,Ground,xMono,,,,,,,,,,,,,,,
1,Kanto,0105,Marowak,00000156,Ground,xMono,,,,,,,,,,,,,,,
1,Alola,0105.1,Marowak Alola,00000157,Fire,Ghost,,,,,,,,,,,,,,,
1,Kanto,0106,Hitmonlee,00000158,Fighting,xMono,,,,,,,,,,,,,,,
1,Kanto,0107,Hitmonchan,00000159,Fighting,xMono,,,,,,,,,,,,,,,
1,Kanto,0108,Lickitung,00000160,Normal,xMono,,,,,,,,,,,,,,,
1,Kanto,0109,Koffing,00000161,Poison,xMono,,,,,,,,,,,,,,,
1,Kanto,0110,Weezing,00000162,Poison,xMono,,,,,,,,,,,,,,,
1,Galar,0110.1,Weezing Galar,00000163,Poison,Fairy,,,,,,,,,,,,,,,
1,Kanto,0111,Rhyhorn,00000164,Ground,Rock,,,,,,,,,,,,,,,
1,Kanto,0112,Rhydon,00000165,Ground,Rock,,,,,,,,,,,,,,,
1,Kanto,0113,Chansey,00000166,Normal,xMono,,,,,,,,,,,,,,,
1,Kanto,0114,Tangela,00000167,Grass,xMono,,,,,,,,,,,,,,,
1,Kanto,0115,Kangaskhan,00000168,Normal,xMono,,,,,,,,,,,,,,,
1,Kanto,0115.1,Kangaskhan Mega,00000169,Normal,xMono,,,,,,,,,,,,,,,
1,Kanto,0116,Horsea,00000170,Water,xMono,,,,,,,,,,,,,,,
1,Kanto,0117,Seadra,00000171,Water,xMono,,,,,,,,,,,,,,,
1,Kanto,0118,Goldeen,00000172,Water,xMono,,,,,,,,,,,,,,,
1,Kanto,0119,Seaking,00000173,Water,xMono,,,,,,,,,,,,,,,
1,Kanto,0120,Staryu,00000174,Water,xMono,,,,,,,,,,,,,,,
1,Kanto,0121,Starmie,00000175,Water,Psychic,,,,,,,,,,,,,,,
1,Kanto,0121.1,Starmie Mega,00000176,Water,Psychic,,,,,,,,,,,,,,,
1,Kanto,0122,Mr Mime,00000177,Psychic,Fairy,,,,,,,,,,,,,,,
1,Galar,0122.1,Mr Mime Galar,00000178,Ice,Psychic,,,,,,,,,,,,,,,
1,Kanto,0123,Scyther,00000179,Bug,Flying,,,,,,,,,,,,,,,
1,Kanto,0124,Jynx,00000180,Ice,Psychic,,,,,,,,,,,,,,,
1,Kanto,0125,Electabuzz,00000181,Electric,xMono,,,,,,,,,,,,,,,
1,Kanto,0126,Magmar,00000182,Fire,xMono,,,,,,,,,,,,,,,
1,Kanto,0127,Pinsir,00000183,Bug,xMono,,,,,,,,,,,,,,,
1,Kanto,0127.1,Pinsir Mega,00000184,Bug,Flying,,,,,,,,,,,,,,,
1,Kanto,0128,Tauros,00000185,Normal,xMono,,,,,,,,,,,,,,,
1,Paldea,0128.1,Tauros Combat,00000186,Fighting,xMono,,,,,,,,,,,,,,,
1,Paldea,0128.2,Tauros Blaze,00000187,Fighting,Fire,,,,,,,,,,,,,,,
1,Paldea,0128.3,Tauros Aqua,00000188,Fighting,Water,,,,,,,,,,,,,,,
1,Kanto,0129,Magikarp,00000189,Water,xMono,,,,,,,,,,,,,,,
1,Kanto,0130,Gyarados,00000190,Water,Flying,,,,,,,,,,,,,,,
1,Kanto,0130.1,Gyarados Mega,00000191,Water,Dark,,,,,,,,,,,,,,,
1,Kanto,0131,Lapras,00000192,Water,Ice,,,,,,,,,,,,,,,
1,Kanto,0131.1,Lapras Gmax,00000193,Water,Ice,,,,,,,,,,,,,,,
1,Kanto,0132,Ditto,00000194,Normal,xMono,,,,,,,,,,,,,,,
1,Kanto,0133,Eevee,00000195,Normal,xMono,,,,,,,,,,,,,,,
1,Kanto,0133.1,Eevee Partner,00000196,Normal,xMono,,,,,,,,,,,,,,,
1,Kanto,0133.2,Eevee Gmax,00000197,Normal,xMono,,,,,,,,,,,,,,,
1,Kanto,0134,Vaporeon,00000198,Water,xMono,,,,,,,,,,,,,,,
1,Kanto,0135,Jolteon,00000199,Electric,xMono,,,,,,,,,,,,,,,
1,Kanto,0136,Flareon,00000200,Fire,xMono,,,,,,,,,,,,,,,
1,Kanto,0137,Porygon,00000201,Normal,xMono,,,,,,,,,,,,,,,
1,Kanto,0138,Omanyte,00000202,Rock,Water,,,,,,,,,,,,,,,
1,Kanto,0139,Omastar,00000203,Rock,Water,,,,,,,,,,,,,,,
1,Kanto,0140,Kabuto,00000204,Rock,Water,,,,,,,,,,,,,,,
1,Kanto,0141,Kabutops,00000205,Rock,Water,,,,,,,,,,,,,,,
1,Kanto,0142,Aerodactyl,00000206,Rock,Flying,,,,,,,,,,,,,,,
1,Kanto,0142.1,Aerodactyl Mega,00000207,Rock,Flying,,,,,,,,,,,,,,,
1,Kanto,0143,Snorlax,00000208,Normal,xMono,,,,,,,,,,,,,,,
1,Kanto,0143.1,Snorlax Gmax,00000209,Normal,xMono,,,,,,,,,,,,,,,
1,Kanto,0144,Articuno,00000210,Ice,Flying,,,,,,,,,,,,,,,
1,Galar,0144.1,Articuno Galar,00000211,Psychic,Flying,,,,,,,,,,,,,,,
1,Kanto,0145,Zapdos,00000212,Electric,Flying,,,,,,,,,,,,,,,
1,Galar,0145.1,Zapdos Galar,00000213,Fighting,Flying,,,,,,,,,,,,,,,
1,Kanto,0146,Moltres,00000214,Fire,Flying,,,,,,,,,,,,,,,
1,Galar,0146.1,Moltres Galar,00000215,Dark,Flying,,,,,,,,,,,,,,,
1,Kanto,0147,Dratini,00000216,Dragon,xMono,,,,,,,,,,,,,,,
1,Kanto,0148,Dragonair,00000217,Dragon,xMono,,,,,,,,,,,,,,,
1,Kanto,0149,Dragonite,00000218,Dragon,Flying,,,,,,,,,,,,,,,
1,Kanto,0149.1,Dragonite Mega,00000219,Dragon,Flying,,,,,,,,,,,,,,,
1,Kanto,0150,Mewtwo,00000220,Psychic,xMono,,,,,,,,,,,,,,,
1,Kanto,0150.1,Mewtwo Mega X,00000221,Psychic,Fighting,,,,,,,,,,,,,,,
1,Kanto,0150.2,Mewtwo Mega Y,00000222,Psychic,xMono,,,,,,,,,,,,,,,
1,Kanto,0151,Mew,00000223,Psychic,xMono,,,,,,,,,,,,,,,
2,Johto,0152,Chikorita,00000224,Grass,xMono,,,,,,,,,,,,,,,
2,Johto,0153,Bayleef,00000225,Grass,xMono,,,,,,,,,,,,,,,
2,Johto,0154,Meganium,00000226,Grass,xMono,,,,,,,,,,,,,,,
2,Johto,0154.1,Meganium Mega,00000227,Grass,Fairy,,,,,,,,,,,,,,,
2,Johto,0155,Cyndaquil,00000228,Fire,xMono,,,,,,,,,,,,,,,
2,Johto,0156,Quilava,00000229,Fire,xMono,,,,,,,,,,,,,,,
2,Johto,0157,Typhlosion,00000230,Fire,xMono,,,,,,,,,,,,,,,
2,Hisui,0157.1,Typhlosion Hisui,00000231,Fire,Ghost,,,,,,,,,,,,,,,
2,Johto,0158,Totodile,00000232,Water,xMono,,,,,,,,,,,,,,,
2,Johto,0159,Croconaw,00000233,Water,xMono,,,,,,,,,,,,,,,
2,Johto,0160,Feraligatr,00000234,Water,xMono,,,,,,,,,,,,,,,
2,Johto,0160.1,Feraligatr Mega,00000235,Water,Dragon,,,,,,,,,,,,,,,
2,Johto,0161,Sentret,00000236,Normal,xMono,,,,,,,,,,,,,,,
2,Johto,0162,Furret,00000237,Normal,xMono,,,,,,,,,,,,,,,
2,Johto,0163,Hoothoot,00000238,Normal,Flying,,,,,,,,,,,,,,,
2,Johto,0164,Noctowl,00000239,Normal,Flying,,,,,,,,,,,,,,,
2,Johto,0165,Ledyba,00000240,Bug,Flying,,,,,,,,,,,,,,,
2,Johto,0166,Ledian,00000241,Bug,Flying,,,,,,,,,,,,,,,
2,Johto,0167,Spinarak,00000242,Bug,Poison,,,,,,,,,,,,,,,
2,Johto,0168,Ariados,00000243,Bug,Poison,,,,,,,,,,,,,,,
2,Johto,0169,Crobat,00000244,Poison,Flying,,,,,,,,,,,,,,,
2,Johto,0170,Chinchou,00000245,Water,Electric,,,,,,,,,,,,,,,
2,Johto,0171,Lanturn,00000246,Water,Electric,,,,,,,,,,,,,,,
2,Johto,0172,Pichu,00000247,Electric,xMono,,,,,,,,,,,,,,,
2,Johto,0173,Cleffa,00000248,Fairy,xMono,,,,,,,,,,,,,,,
2,Johto,0174,Igglybuff,00000249,Normal,Fairy,,,,,,,,,,,,,,,
2,Johto,0175,Togepi,00000250,Fairy,xMono,,,,,,,,,,,,,,,
2,Johto,0176,Togetic,00000251,Fairy,Flying,,,,,,,,,,,,,,,
2,Johto,0177,Natu,00000252,Psychic,Flying,,,,,,,,,,,,,,,
2,Johto,0178,Xatu,00000253,Psychic,Flying,,,,,,,,,,,,,,,
2,Johto,0179,Mareep,00000254,Electric,xMono,,,,,,,,,,,,,,,
2,Johto,0180,Flaaffy,00000255,Electric,xMono,,,,,,,,,,,,,,,
2,Johto,0181,Ampharos,00000256,Electric,xMono,,,,,,,,,,,,,,,
2,Johto,0181.1,Ampharos Mega,00000257,Electric,Dragon,,,,,,,,,,,,,,,
2,Johto,0182,Bellossom,00000258,Grass,xMono,,,,,,,,,,,,,,,
2,Johto,0183,Marill,00000259,Water,Fairy,,,,,,,,,,,,,,,
2,Johto,0184,Azumarill,00000260,Water,Fairy,,,,,,,,,,,,,,,
2,Johto,0185,Sudowoodo,00000261,Rock,xMono,,,,,,,,,,,,,,,
2,Johto,0186,Politoed,00000262,Water,xMono,,,,,,,,,,,,,,,
2,Johto,0187,Hoppip,00000263,Grass,Flying,,,,,,,,,,,,,,,
2,Johto,0188,Skiploom,00000264,Grass,Flying,,,,,,,,,,,,,,,
2,Johto,0189,Jumpluff,00000265,Grass,Flying,,,,,,,,,,,,,,,
2,Johto,0190,Aipom,00000266,Normal,xMono,,,,,,,,,,,,,,,
2,Johto,0191,Sunkern,00000267,Grass,xMono,,,,,,,,,,,,,,,
2,Johto,0192,Sunflora,00000268,Grass,xMono,,,,,,,,,,,,,,,
2,Johto,0193,Yanma,00000269,Bug,Flying,,,,,,,,,,,,,,,
2,Johto,0194,Wooper,00000270,Water,Ground,,,,,,,,,,,,,,,
2,Paldea,0194.1,Wooper Paldea,00000271,Poison,Ground,,,,,,,,,,,,,,,
2,Johto,0195,Quagsire,00000272,Water,Ground,,,,,,,,,,,,,,,
2,Johto,0196,Espeon,00000273,Psychic,xMono,,,,,,,,,,,,,,,
2,Johto,0197,Umbreon,00000274,Dark,xMono,,,,,,,,,,,,,,,
2,Johto,0198,Murkrow,00000275,Dark,Flying,,,,,,,,,,,,,,,
2,Johto,0199,Slowking,00000276,Water,Psychic,,,,,,,,,,,,,,,
2,Galar,0199.1,Slowking Galar,00000277,Poison,Psychic,,,,,,,,,,,,,,,
2,Johto,0200,Misdreavus,00000278,Ghost,xMono,,,,,,,,,,,,,,,
2,Johto,0201,Unown,00000279,Psychic,xMono,,,,,,,,,,,,,,,
2,Johto,0202,Wobbuffet,00000280,Psychic,xMono,,,,,,,,,,,,,,,
2,Johto,0203,Girafarig,00000281,Normal,Psychic,,,,,,,,,,,,,,,
2,Johto,0204,Pineco,00000282,Bug,xMono,,,,,,,,,,,,,,,
2,Johto,0205,Forretress,00000283,Bug,Steel,,,,,,,,,,,,,,,
2,Johto,0206,Dunsparce,00000284,Normal,xMono,,,,,,,,,,,,,,,
2,Johto,0207,Gligar,00000285,Ground,Flying,,,,,,,,,,,,,,,
2,Johto,0208,Steelix,00000286,Steel,Ground,,,,,,,,,,,,,,,
2,Johto,0208.1,Steelix Mega,00000287,Steel,Ground,,,,,,,,,,,,,,,
2,Johto,0209,Snubbull,00000288,Fairy,xMono,,,,,,,,,,,,,,,
2,Johto,0210,Granbull,00000289,Fairy,xMono,,,,,,,,,,,,,,,
2,Johto,0211,Qwilfish,00000290,Water,Poison,,,,,,,,,,,,,,,
2,Hisui,0211.1,Qwilfish Hisui,00000291,Dark,Poison,,,,,,,,,,,,,,,
2,Johto,0212,Scizor,00000292,Bug,Steel,,,,,,,,,,,,,,,
2,Johto,0212.1,Scizor Mega,00000293,Bug,Steel,,,,,,,,,,,,,,,
2,Johto,0213,Shuckle,00000294,Bug,Rock,,,,,,,,,,,,,,,
2,Johto,0214,Heracross,00000295,Bug,Fighting,,,,,,,,,,,,,,,
2,Johto,0214.1,Heracross Mega,00000296,Bug,Fighting,,,,,,,,,,,,,,,
2,Johto,0215,Sneasel,00000297,Dark,Ice,,,,,,,,,,,,,,,
2,Hisui,0215.1,Sneasel Hisui,00000298,Fighting,Poison,,,,,,,,,,,,,,,
2,Johto,0216,Teddiursa,00000299,Normal,xMono,,,,,,,,,,,,,,,
2,Johto,0217,Ursaring,00000300,Normal,xMono,,,,,,,,,,,,,,,
2,Johto,0218,Slugma,00000301,Fire,xMono,,,,,,,,,,,,,,,
2,Johto,0219,Magcargo,00000302,Fire,Rock,,,,,,,,,,,,,,,
2,Johto,0220,Swinub,00000303,Ice,Ground,,,,,,,,,,,,,,,
2,Johto,0221,Piloswine,00000304,Ice,Ground,,,,,,,,,,,,,,,
2,Johto,0222,Corsola,00000305,Water,Rock,,,,,,,,,,,,,,,
2,Galar,0222.1,Corsola Galar,00000306,Ghost,xMono,,,,,,,,,,,,,,,
2,Johto,0223,Remoraid,00000307,Water,xMono,,,,,,,,,,,,,,,
2,Johto,0224,Octillery,00000308,Water,xMono,,,,,,,,,,,,,,,
2,Johto,0225,Delibird,00000309,Ice,Flying,,,,,,,,,,,,,,,
2,Johto,0226,Mantine,00000310,Water,Flying,,,,,,,,,,,,,,,
2,Johto,0227,Skarmory,00000311,Steel,Flying,,,,,,,,,,,,,,,
2,Johto,0227.1,Skarmory Mega,00000312,Steel,Flying,,,,,,,,,,,,,,,
2,Johto,0228,Houndour,00000313,Dark,Fire,,,,,,,,,,,,,,,
2,Johto,0229,Houndoom,00000314,Dark,Fire,,,,,,,,,,,,,,,
2,Johto,0229.1,Houndoom Mega,00000315,Dark,Fire,,,,,,,,,,,,,,,
2,Johto,0230,Kingdra,00000316,Water,Dragon,,,,,,,,,,,,,,,
2,Johto,0231,Phanpy,00000317,Ground,xMono,,,,,,,,,,,,,,,
2,Johto,0232,Donphan,00000318,Ground,xMono,,,,,,,,,,,,,,,
2,Johto,0233,Porygon2,00000319,Normal,xMono,,,,,,,,,,,,,,,
2,Johto,0234,Stantler,00000320,Normal,xMono,,,,,,,,,,,,,,,
2,Johto,0235,Smeargle,00000321,Normal,xMono,,,,,,,,,,,,,,,
2,Johto,0236,Tyrogue,00000322,Fighting,xMono,,,,,,,,,,,,,,,
2,Johto,0237,Hitmontop,00000323,Fighting,xMono,,,,,,,,,,,,,,,
2,Johto,0238,Smoochum,00000324,Ice,Psychic,,,,,,,,,,,,,,,
2,Johto,0239,Elekid,00000325,Electric,xMono,,,,,,,,,,,,,,,
2,Johto,0240,Magby,00000326,Fire,xMono,,,,,,,,,,,,,,,
2,Johto,0241,Miltank,00000327,Normal,xMono,,,,,,,,,,,,,,,
2,Johto,0242,Blissey,00000328,Normal,xMono,,,,,,,,,,,,,,,
2,Johto,0243,Raikou,00000329,Electric,xMono,,,,,,,,,,,,,,,
2,Johto,0244,Entei,00000330,Fire,xMono,,,,,,,,,,,,,,,
2,Johto,0245,Suicune,00000331,Water,xMono,,,,,,,,,,,,,,,
2,Johto,0246,Larvitar,00000332,Rock,Ground,,,,,,,,,,,,,,,
2,Johto,0247,Pupitar,00000333,Rock,Ground,,,,,,,,,,,,,,,
2,Johto,0248,Tyranitar,00000334,Rock,Dark,,,,,,,,,,,,,,,
2,Johto,0248.1,Tyranitar Mega,00000335,Rock,Dark,,,,,,,,,,,,,,,
2,Johto,0249,Lugia,00000336,Psychic,Flying,,,,,,,,,,,,,,,
2,Johto,0250,Ho-Oh,00000337,Fire,Flying,,,,,,,,,,,,,,,
2,Johto,0251,Celebi,00000338,Psychic,Grass,,,,,,,,,,,,,,,
3,Hoenn,0252,Treecko,00000339,Grass,xMono,,,,,,,,,,,,,,,
3,Hoenn,0253,Grovyle,00000340,Grass,xMono,,,,,,,,,,,,,,,
3,Hoenn,0254,Sceptile,00000341,Grass,xMono,,,,,,,,,,,,,,,
3,Hoenn,0254.1,Sceptile Mega,00000342,Grass,Dragon,,,,,,,,,,,,,,,
3,Hoenn,0255,Torchic,00000343,Fire,xMono,,,,,,,,,,,,,,,
3,Hoenn,0256,Combusken,00000344,Fire,Fighting,,,,,,,,,,,,,,,
3,Hoenn,0257,Blaziken,00000345,Fire,Fighting,,,,,,,,,,,,,,,
3,Hoenn,0257.1,Blaziken Mega,00000346,Fire,Fighting,,,,,,,,,,,,,,,
3,Hoenn,0258,Mudkip,00000347,Water,xMono,,,,,,,,,,,,,,,
3,Hoenn,0259,Marshtomp,00000348,Water,Ground,,,,,,,,,,,,,,,
3,Hoenn,0260,Swampert,00000349,Water,Ground,,,,,,,,,,,,,,,
3,Hoenn,0260.1,Swampert Mega,00000350,Water,Ground,,,,,,,,,,,,,,,
3,Hoenn,0261,Poochyena,00000351,Dark,xMono,,,,,,,,,,,,,,,
3,Hoenn,0262,Mightyena,00000352,Dark,xMono,,,,,,,,,,,,,,,
3,Hoenn,0263,Zigzagoon,00000353,Normal,xMono,,,,,,,,,,,,,,,
3,Galar,0263.1,Zigzagoon Galar,00000354,Dark,Normal,,,,,,,,,,,,,,,
3,Hoenn,0264,Linoone,00000355,Normal,xMono,,,,,,,,,,,,,,,
3,Galar,0264.1,Linoone Galar,00000356,Dark,Normal,,,,,,,,,,,,,,,
3,Hoenn,0265,Wurmple,00000357,Bug,xMono,,,,,,,,,,,,,,,
3,Hoenn,0266,Silcoon,00000358,Bug,xMono,,,,,,,,,,,,,,,
3,Hoenn,0267,Beautifly,00000359,Bug,Flying,,,,,,,,,,,,,,,
3,Hoenn,0268,Cascoon,00000360,Bug,xMono,,,,,,,,,,,,,,,
3,Hoenn,0269,Dustox,00000361,Bug,Poison,,,,,,,,,,,,,,,
3,Hoenn,0270,Lotad,00000362,Water,Grass,,,,,,,,,,,,,,,
3,Hoenn,0271,Lombre,00000363,Water,Grass,,,,,,,,,,,,,,,
3,Hoenn,0272,Ludicolo,00000364,Water,Grass,,,,,,,,,,,,,,,
3,Hoenn,0273,Seedot,00000365,Grass,xMono,,,,,,,,,,,,,,,
3,Hoenn,0274,Nuzleaf,00000366,Grass,Dark,,,,,,,,,,,,,,,
3,Hoenn,0275,Shiftry,00000367,Grass,Dark,,,,,,,,,,,,,,,
3,Hoenn,0276,Taillow,00000368,Normal,Flying,,,,,,,,,,,,,,,
3,Hoenn,0277,Swellow,00000369,Normal,Flying,,,,,,,,,,,,,,,
3,Hoenn,0278,Wingull,00000370,Water,Flying,,,,,,,,,,,,,,,
3,Hoenn,0279,Pelipper,00000371,Water,Flying,,,,,,,,,,,,,,,
3,Hoenn,0280,Ralts,00000372,Psychic,Fairy,,,,,,,,,,,,,,,
3,Hoenn,0281,Kirlia,00000373,Psychic,Fairy,,,,,,,,,,,,,,,
3,Hoenn,0282,Gardevoir,00000374,Psychic,Fairy,,,,,,,,,,,,,,,
3,Hoenn,0282.1,Gardevoir Mega,00000375,Psychic,Fairy,,,,,,,,,,,,,,,
3,Hoenn,0283,Surskit,00000376,Bug,Water,,,,,,,,,,,,,,,
3,Hoenn,0284,Masquerain,00000377,Bug,Flying,,,,,,,,,,,,,,,
3,Hoenn,0285,Shroomish,00000378,Grass,xMono,,,,,,,,,,,,,,,
3,Hoenn,0286,Breloom,00000379,Grass,Fighting,,,,,,,,,,,,,,,
3,Hoenn,0287,Slakoth,00000380,Normal,xMono,,,,,,,,,,,,,,,
3,Hoenn,0288,Vigoroth,00000381,Normal,xMono,,,,,,,,,,,,,,,
3,Hoenn,0289,Slaking,00000382,Normal,xMono,,,,,,,,,,,,,,,
3,Hoenn,0290,Nincada,00000383,Bug,Ground,,,,,,,,,,,,,,,
3,Hoenn,0291,Ninjask,00000384,Bug,Flying,,,,,,,,,,,,,,,
3,Hoenn,0292,Shedinja,00000385,Bug,Ghost,,,,,,,,,,,,,,,
3,Hoenn,0293,Whismur,00000386,Normal,xMono,,,,,,,,,,,,,,,
3,Hoenn,0294,Loudred,00000387,Normal,xMono,,,,,,,,,,,,,,,
3,Hoenn,0295,Exploud,00000388,Normal,xMono,,,,,,,,,,,,,,,
3,Hoenn,0296,Makuhita,00000389,Fighting,xMono,,,,,,,,,,,,,,,
3,Hoenn,0297,Hariyama,00000390,Fighting,xMono,,,,,,,,,,,,,,,
3,Hoenn,0298,Azurill,00000391,Normal,Fairy,,,,,,,,,,,,,,,
3,Hoenn,0299,Nosepass,00000392,Rock,xMono,,,,,,,,,,,,,,,
3,Hoenn,0300,Skitty,00000393,Normal,xMono,,,,,,,,,,,,,,,
3,Hoenn,0301,Delcatty,00000394,Normal,xMono,,,,,,,,,,,,,,,
3,Hoenn,0302,Sableye,00000395,Ghost,Dark,,,,,,,,,,,,,,,
3,Hoenn,0302.1,Sableye Mega,00000396,Ghost,Dark,,,,,,,,,,,,,,,
3,Hoenn,0303,Mawile,00000397,Steel,Fairy,,,,,,,,,,,,,,,
3,Hoenn,0303.1,Mawile Mega,00000398,Steel,Fairy,,,,,,,,,,,,,,,
3,Hoenn,0304,Aron,00000399,Steel,Rock,,,,,,,,,,,,,,,
3,Hoenn,0305,Lairon,00000400,Steel,Rock,,,,,,,,,,,,,,,
3,Hoenn,0306,Aggron,00000401,Steel,Rock,,,,,,,,,,,,,,,
3,Hoenn,0306.1,Aggron Mega,00000402,Steel,xMono,,,,,,,,,,,,,,,
3,Hoenn,0307,Meditite,00000403,Fighting,Psychic,,,,,,,,,,,,,,,
3,Hoenn,0308,Medicham,00000404,Fighting,Psychic,,,,,,,,,,,,,,,
3,Hoenn,0308.1,Medicham Mega,00000405,Fighting,Psychic,,,,,,,,,,,,,,,
3,Hoenn,0309,Electrike,00000406,Electric,xMono,,,,,,,,,,,,,,,
3,Hoenn,0310,Manectric,00000407,Electric,xMono,,,,,,,,,,,,,,,
3,Hoenn,0310.1,Manectric Mega,00000408,Electric,xMono,,,,,,,,,,,,,,,
3,Hoenn,0311,Plusle,00000409,Electric,xMono,,,,,,,,,,,,,,,
3,Hoenn,0312,Minun,00000410,Electric,xMono,,,,,,,,,,,,,,,
3,Hoenn,0313,Volbeat,00000411,Bug,xMono,,,,,,,,,,,,,,,
3,Hoenn,0314,Illumise,00000412,Bug,xMono,,,,,,,,,,,,,,,
3,Hoenn,0315,Roselia,00000413,Grass,Poison,,,,,,,,,,,,,,,
3,Hoenn,0316,Gulpin,00000414,Poison,xMono,,,,,,,,,,,,,,,
3,Hoenn,0317,Swalot,00000415,Poison,xMono,,,,,,,,,,,,,,,
3,Hoenn,0318,Carvanha,00000416,Water,Dark,,,,,,,,,,,,,,,
3,Hoenn,0319,Sharpedo,00000417,Water,Dark,,,,,,,,,,,,,,,
3,Hoenn,0319.1,Sharpedo Mega,00000418,Water,Dark,,,,,,,,,,,,,,,
3,Hoenn,0320,Wailmer,00000419,Water,xMono,,,,,,,,,,,,,,,
3,Hoenn,0321,Wailord,00000420,Water,xMono,,,,,,,,,,,,,,,
3,Hoenn,0322,Numel,00000421,Fire,Ground,,,,,,,,,,,,,,,
3,Hoenn,0323,Camerupt,00000422,Fire,Ground,,,,,,,,,,,,,,,
3,Hoenn,0323.1,Camerupt Mega,00000423,Fire,Ground,,,,,,,,,,,,,,,
3,Hoenn,0324,Torkoal,00000424,Fire,xMono,,,,,,,,,,,,,,,
3,Hoenn,0325,Spoink,00000425,Psychic,xMono,,,,,,,,,,,,,,,
3,Hoenn,0326,Grumpig,00000426,Psychic,xMono,,,,,,,,,,,,,,,
3,Hoenn,0327,Spinda,00000427,Normal,xMono,,,,,,,,,,,,,,,
3,Hoenn,0328,Trapinch,00000428,Ground,xMono,,,,,,,,,,,,,,,
3,Hoenn,0329,Vibrava,00000429,Ground,Dragon,,,,,,,,,,,,,,,
3,Hoenn,0330,Flygon,00000430,Ground,Dragon,,,,,,,,,,,,,,,
3,Hoenn,0331,Cacnea,00000431,Grass,xMono,,,,,,,,,,,,,,,
3,Hoenn,0332,Cacturne,00000432,Grass,Dark,,,,,,,,,,,,,,,
3,Hoenn,0333,Swablu,00000433,Normal,Flying,,,,,,,,,,,,,,,
3,Hoenn,0334,Altaria,00000434,Dragon,Flying,,,,,,,,,,,,,,,
3,Hoenn,0334.1,Altaria Mega,00000435,Dragon,Fairy,,,,,,,,,,,,,,,
3,Hoenn,0335,Zangoose,00000436,Normal,xMono,,,,,,,,,,,,,,,
3,Hoenn,0336,Seviper,00000437,Poison,xMono,,,,,,,,,,,,,,,
3,Hoenn,0337,Lunatone,00000438,Psychic,Rock,,,,,,,,,,,,,,,
3,Hoenn,0338,Solrock,00000439,Psychic,Rock,,,,,,,,,,,,,,,
3,Hoenn,0339,Barboach,00000440,Water,Ground,,,,,,,,,,,,,,,
3,Hoenn,0340,Whiscash,00000441,Water,Ground,,,,,,,,,,,,,,,
3,Hoenn,0341,Corphish,00000442,Water,xMono,,,,,,,,,,,,,,,
3,Hoenn,0342,Crawdaunt,00000443,Water,Dark,,,,,,,,,,,,,,,
3,Hoenn,0343,Baltoy,00000444,Ground,Psychic,,,,,,,,,,,,,,,
3,Hoenn,0344,Claydol,00000445,Ground,Psychic,,,,,,,,,,,,,,,
3,Hoenn,0345,Lileep,00000446,Rock,Grass,,,,,,,,,,,,,,,
3,Hoenn,0346,Cradily,00000447,Rock,Grass,,,,,,,,,,,,,,,
3,Hoenn,0347,Anorith,00000448,Rock,Bug,,,,,,,,,,,,,,,
3,Hoenn,0348,Armaldo,00000449,Rock,Bug,,,,,,,,,,,,,,,
3,Hoenn,0349,Feebas,00000450,Water,xMono,,,,,,,,,,,,,,,
3,Hoenn,0350,Milotic,00000451,Water,xMono,,,,,,,,,,,,,,,
3,Hoenn,0351,Castform,00000452,Normal,xMono,,,,,,,,,,,,,,,
3,Hoenn,0351.1,Castform Sunny,00000453,Fire,xMono,,,,,,,,,,,,,,,
3,Hoenn,0351.2,Castform Rainy,00000454,Water,xMono,,,,,,,,,,,,,,,
3,Hoenn,0351.3,Castform Snowy,00000455,Ice,xMono,,,,,,,,,,,,,,,
3,Hoenn,0352,Kecleon,00000456,Normal,xMono,,,,,,,,,,,,,,,
3,Hoenn,0353,Shuppet,00000457,Ghost,xMono,,,,,,,,,,,,,,,
3,Hoenn,0354,Banette,00000458,Ghost,xMono,,,,,,,,,,,,,,,
3,Hoenn,0354.1,Banette Mega,00000459,Ghost,xMono,,,,,,,,,,,,,,,
3,Hoenn,0355,Duskull,00000460,Ghost,xMono,,,,,,,,,,,,,,,
3,Hoenn,0356,Dusclops,00000461,Ghost,xMono,,,,,,,,,,,,,,,
3,Hoenn,0357,Tropius,00000462,Grass,Flying,,,,,,,,,,,,,,,
3,Hoenn,0358,Chimecho,00000463,Psychic,xMono,,,,,,,,,,,,,,,
3,Hoenn,0358.1,Chimecho Mega,00000464,Psychic,Steel,,,,,,,,,,,,,,,
3,Hoenn,0359,Absol,00000465,Dark,xMono,,,,,,,,,,,,,,,
3,Hoenn,0359.1,Absol Mega,00000466,Dark,xMono,,,,,,,,,,,,,,,
3,Hoenn,0360,Wynaut,00000467,Psychic,xMono,,,,,,,,,,,,,,,
3,Hoenn,0361,Snorunt,00000468,Ice,xMono,,,,,,,,,,,,,,,
3,Hoenn,0362,Glalie,00000469,Ice,xMono,,,,,,,,,,,,,,,
3,Hoenn,0362.1,Glalie Mega,00000470,Ice,xMono,,,,,,,,,,,,,,,
3,Hoenn,0363,Spheal,00000471,Ice,Water,,,,,,,,,,,,,,,
3,Hoenn,0364,Sealeo,00000472,Ice,Water,,,,,,,,,,,,,,,
3,Hoenn,0365,Walrein,00000473,Ice,Water,,,,,,,,,,,,,,,
3,Hoenn,0366,Clamperl,00000474,Water,xMono,,,,,,,,,,,,,,,
3,Hoenn,0367,Huntail,00000475,Water,xMono,,,,,,,,,,,,,,,
3,Hoenn,0368,Gorebyss,00000476,Water,xMono,,,,,,,,,,,,,,,
3,Hoenn,0369,Relicanth,00000477,Water,Rock,,,,,,,,,,,,,,,
3,Hoenn,0370,Luvdisc,00000478,Water,xMono,,,,,,,,,,,,,,,
3,Hoenn,0371,Bagon,00000479,Dragon,xMono,,,,,,,,,,,,,,,
3,Hoenn,0372,Shelgon,00000480,Dragon,xMono,,,,,,,,,,,,,,,
3,Hoenn,0373,Salamence,00000481,Dragon,Flying,,,,,,,,,,,,,,,
3,Hoenn,0373.1,Salamence Mega,00000482,Dragon,Flying,,,,,,,,,,,,,,,
3,Hoenn,0374,Beldum,00000483,Steel,Psychic,,,,,,,,,,,,,,,
3,Hoenn,0375,Metang,00000484,Steel,Psychic,,,,,,,,,,,,,,,
3,Hoenn,0376,Metagross,00000485,Steel,Psychic,,,,,,,,,,,,,,,
3,Hoenn,0376.1,Metagross Mega,00000486,Steel,Psychic,,,,,,,,,,,,,,,
3,Hoenn,0377,Regirock,00000487,Rock,xMono,,,,,,,,,,,,,,,
3,Hoenn,0378,Regice,00000488,Ice,xMono,,,,,,,,,,,,,,,
3,Hoenn,0379,Registeel,00000489,Steel,xMono,,,,,,,,,,,,,,,
3,Hoenn,0380,Latias,00000490,Dragon,Psychic,,,,,,,,,,,,,,,
3,Hoenn,0380.1,Latias Mega,00000491,Dragon,Psychic,,,,,,,,,,,,,,,
3,Hoenn,0381,Latios,00000492,Dragon,Psychic,,,,,,,,,,,,,,,
3,Hoenn,0381.1,Latios Mega,00000493,Dragon,Psychic,,,,,,,,,,,,,,,
3,Hoenn,0382,Kyogre,00000494,Water,xMono,,,,,,,,,,,,,,,
3,Hoenn,0382.1,Kyogre Primal,00000495,Water,xMono,,,,,,,,,,,,,,,
3,Hoenn,0383,Groudon,00000496,Ground,xMono,,,,,,,,,,,,,,,
3,Hoenn,0383.1,Groudon Primal,00000497,Ground,Fire,,,,,,,,,,,,,,,
3,Hoenn,0384,Rayquaza,00000498,Dragon,Flying,,,,,,,,,,,,,,,
3,Hoenn,0384.1,Rayquaza Mega,00000499,Dragon,Flying,,,,,,,,,,,,,,,
3,Hoenn,0385,Jirachi,00000500,Steel,Psychic,,,,,,,,,,,,,,,
3,Hoenn,0386,Deoxys,00000501,Psychic,xMono,,,,,,,,,,,,,,,
3,Hoenn,0386.1,Deoxys Attack,00000502,Psychic,xMono,,,,,,,,,,,,,,,
3,Hoenn,0386.2,Deoxys Defense,00000503,Psychic,xMono,,,,,,,,,,,,,,,
3,Hoenn,0386.3,Deoxys Speed,00000504,Psychic,xMono,,,,,,,,,,,,,,,
4,Sinnoh,0387,Turtwig,00000505,Grass,xMono,,,,,,,,,,,,,,,
4,Sinnoh,0388,Grotle,00000506,Grass,xMono,,,,,,,,,,,,,,,
4,Sinnoh,0389,Torterra,00000507,Grass,Ground,,,,,,,,,,,,,,,
4,Sinnoh,0390,Chimchar,00000508,Fire,xMono,,,,,,,,,,,,,,,
4,Sinnoh,0391,Monferno,00000509,Fire,Fighting,,,,,,,,,,,,,,,
4,Sinnoh,0392,Infernape,00000510,Fire,Fighting,,,,,,,,,,,,,,,
4,Sinnoh,0393,Piplup,00000511,Water,xMono,,,,,,,,,,,,,,,
4,Sinnoh,0394,Prinplup,00000512,Water,xMono,,,,,,,,,,,,,,,
4,Sinnoh,0395,Empoleon,00000513,Water,Steel,,,,,,,,,,,,,,,
4,Sinnoh,0396,Starly,00000514,Normal,Flying,,,,,,,,,,,,,,,
4,Sinnoh,0397,Staravia,00000515,Normal,Flying,,,,,,,,,,,,,,,
4,Sinnoh,0398,Staraptor,00000516,Normal,Flying,,,,,,,,,,,,,,,
4,Sinnoh,0399,Bidoof,00000517,Normal,xMono,,,,,,,,,,,,,,,
4,Sinnoh,0400,Bibarel,00000518,Normal,Water,,,,,,,,,,,,,,,
4,Sinnoh,0401,Kricketot,00000519,Bug,xMono,,,,,,,,,,,,,,,
4,Sinnoh,0402,Kricketune,00000520,Bug,xMono,,,,,,,,,,,,,,,
4,Sinnoh,0403,Shinx,00000521,Electric,xMono,,,,,,,,,,,,,,,
4,Sinnoh,0404,Luxio,00000522,Electric,xMono,,,,,,,,,,,,,,,
4,Sinnoh,0405,Luxray,00000523,Electric,xMono,,,,,,,,,,,,,,,
4,Sinnoh,0406,Budew,00000524,Grass,Poison,,,,,,,,,,,,,,,
4,Sinnoh,0407,Roserade,00000525,Grass,Poison,,,,,,,,,,,,,,,
4,Sinnoh,0408,Cranidos,00000526,Rock,xMono,,,,,,,,,,,,,,,
4,Sinnoh,0409,Rampardos,00000527,Rock,xMono,,,,,,,,,,,,,,,
4,Sinnoh,0410,Shieldon,00000528,Rock,Steel,,,,,,,,,,,,,,,
4,Sinnoh,0411,Bastiodon,00000529,Rock,Steel,,,,,,,,,,,,,,,
4,Sinnoh,0412,Burmy Plant,00000530,Bug,xMono,,,,,,,,,,,,,,,
4,Sinnoh,0413,Wormadam Plant,00000531,Bug,Grass,,,,,,,,,,,,,,,
4,Sinnoh,0413.1,Wormadam Sandy,00000532,Bug,Ground,,,,,,,,,,,,,,,
4,Sinnoh,0413.2,Wormadam Trash,00000533,Bug,Steel,,,,,,,,,,,,,,,
4,Sinnoh,0414,Mothim,00000534,Bug,Flying,,,,,,,,,,,,,,,
4,Sinnoh,0415,Combee,00000535,Bug,Flying,,,,,,,,,,,,,,,
4,Sinnoh,0416,Vespiquen,00000536,Bug,Flying,,,,,,,,,,,,,,,
4,Sinnoh,0417,Pachirisu,00000537,Electric,xMono,,,,,,,,,,,,,,,
4,Sinnoh,0418,Buizel,00000538,Water,xMono,,,,,,,,,,,,,,,
4,Sinnoh,0419,Floatzel,00000539,Water,xMono,,,,,,,,,,,,,,,
4,Sinnoh,0420,Cherubi,00000540,Grass,xMono,,,,,,,,,,,,,,,
4,Sinnoh,0421,Cherrim Overcast,00000541,Grass,xMono,,,,,,,,,,,,,,,
4,Sinnoh,0422,Shellos West,00000542,Water,xMono,,,,,,,,,,,,,,,
4,Sinnoh,0423,Gastrodon West,00000543,Water,Ground,,,,,,,,,,,,,,,
4,Sinnoh,0424,Ambipom,00000544,Normal,xMono,,,,,,,,,,,,,,,
4,Sinnoh,0425,Drifloon,00000545,Ghost,Flying,,,,,,,,,,,,,,,
4,Sinnoh,0426,Drifblim,00000546,Ghost,Flying,,,,,,,,,,,,,,,
4,Sinnoh,0427,Buneary,00000547,Normal,xMono,,,,,,,,,,,,,,,
4,Sinnoh,0428,Lopunny,00000548,Normal,xMono,,,,,,,,,,,,,,,
4,Sinnoh,0428.1,Lopunny Mega,00000549,Normal,Fighting,,,,,,,,,,,,,,,
4,Sinnoh,0429,Mismagius,00000550,Ghost,xMono,,,,,,,,,,,,,,,
4,Sinnoh,0430,Honchkrow,00000551,Dark,Flying,,,,,,,,,,,,,,,
4,Sinnoh,0431,Glameow,00000552,Normal,xMono,,,,,,,,,,,,,,,
4,Sinnoh,0432,Purugly,00000553,Normal,xMono,,,,,,,,,,,,,,,
4,Sinnoh,0433,Chingling,00000554,Psychic,xMono,,,,,,,,,,,,,,,
4,Sinnoh,0434,Stunky,00000555,Poison,Dark,,,,,,,,,,,,,,,
4,Sinnoh,0435,Skuntank,00000556,Poison,Dark,,,,,,,,,,,,,,,
4,Sinnoh,0436,Bronzor,00000557,Steel,Psychic,,,,,,,,,,,,,,,
4,Sinnoh,0437,Bronzong,00000558,Steel,Psychic,,,,,,,,,,,,,,,
4,Sinnoh,0438,Bonsly,00000559,Rock,xMono,,,,,,,,,,,,,,,
4,Sinnoh,0439,Mime Jr,00000560,Psychic,Fairy,,,,,,,,,,,,,,,
4,Sinnoh,0440,Happiny,00000561,Normal,xMono,,,,,,,,,,,,,,,
4,Sinnoh,0441,Chatot,00000562,Normal,Flying,,,,,,,,,,,,,,,
4,Sinnoh,0442,Spiritomb,00000563,Ghost,Dark,,,,,,,,,,,,,,,
4,Sinnoh,0443,Gible,00000564,Dragon,Ground,,,,,,,,,,,,,,,
4,Sinnoh,0444,Gabite,00000565,Dragon,Ground,,,,,,,,,,,,,,,
4,Sinnoh,0445,Garchomp,00000566,Dragon,Ground,,,,,,,,,,,,,,,
4,Sinnoh,0445.1,Garchomp Mega,00000567,Dragon,Ground,,,,,,,,,,,,,,,
4,Sinnoh,0446,Munchlax,00000568,Normal,xMono,,,,,,,,,,,,,,,
4,Sinnoh,0447,Riolu,00000569,Fighting,xMono,,,,,,,,,,,,,,,
4,Sinnoh,0448,Lucario,00000570,Fighting,Steel,,,,,,,,,,,,,,,
4,Sinnoh,0448.1,Lucario Mega,00000571,Fighting,Steel,,,,,,,,,,,,,,,
4,Sinnoh,0449,Hippopotas Male,00000572,Ground,xMono,,,,,,,,,,,,,,,
4,Sinnoh,0450,Hippowdon Male,00000573,Ground,xMono,,,,,,,,,,,,,,,
4,Sinnoh,0451,Skorupi,00000574,Poison,Bug,,,,,,,,,,,,,,,
4,Sinnoh,0452,Drapion,00000575,Poison,Dark,,,,,,,,,,,,,,,
4,Sinnoh,0453,Croagunk,00000576,Poison,Fighting,,,,,,,,,,,,,,,
4,Sinnoh,0454,Toxicroak,00000577,Poison,Fighting,,,,,,,,,,,,,,,
4,Sinnoh,0455,Carnivine,00000578,Grass,xMono,,,,,,,,,,,,,,,
4,Sinnoh,0456,Finneon,00000579,Water,xMono,,,,,,,,,,,,,,,
4,Sinnoh,0457,Lumineon,00000580,Water,xMono,,,,,,,,,,,,,,,
4,Sinnoh,0458,Mantyke,00000581,Water,Flying,,,,,,,,,,,,,,,
4,Sinnoh,0459,Snover,00000582,Grass,Ice,,,,,,,,,,,,,,,
4,Sinnoh,0460,Abomasnow,00000583,Grass,Ice,,,,,,,,,,,,,,,
4,Sinnoh,0460.1,Abomasnow Mega,00000584,Grass,Ice,,,,,,,,,,,,,,,
4,Sinnoh,0461,Weavile,00000585,Dark,Ice,,,,,,,,,,,,,,,
4,Sinnoh,0462,Magnezone,00000586,Electric,Steel,,,,,,,,,,,,,,,
4,Sinnoh,0463,Lickilicky,00000587,Normal,xMono,,,,,,,,,,,,,,,
4,Sinnoh,0464,Rhyperior,00000588,Ground,Rock,,,,,,,,,,,,,,,
4,Sinnoh,0465,Tangrowth,00000589,Grass,xMono,,,,,,,,,,,,,,,
4,Sinnoh,0466,Electivire,00000590,Electric,xMono,,,,,,,,,,,,,,,
4,Sinnoh,0467,Magmortar,00000591,Fire,xMono,,,,,,,,,,,,,,,
4,Sinnoh,0468,Togekiss,00000592,Fairy,Flying,,,,,,,,,,,,,,,
4,Sinnoh,0469,Yanmega,00000593,Bug,Flying,,,,,,,,,,,,,,,
4,Sinnoh,0470,Leafeon,00000594,Grass,xMono,,,,,,,,,,,,,,,
4,Sinnoh,0471,Glaceon,00000595,Ice,xMono,,,,,,,,,,,,,,,
4,Sinnoh,0472,Gliscor,00000596,Ground,Flying,,,,,,,,,,,,,,,
4,Sinnoh,0473,Mamoswine,00000597,Ice,Ground,,,,,,,,,,,,,,,
4,Sinnoh,0474,Porygon Z,00000598,Normal,xMono,,,,,,,,,,,,,,,
4,Sinnoh,0475,Gallade,00000599,Psychic,Fighting,,,,,,,,,,,,,,,
4,Sinnoh,0475.1,Gallade Mega,00000600,Psychic,Fighting,,,,,,,,,,,,,,,
4,Sinnoh,0476,Probopass,00000601,Rock,Steel,,,,,,,,,,,,,,,
4,Sinnoh,0477,Dusknoir,00000602,Ghost,xMono,,,,,,,,,,,,,,,
4,Sinnoh,0478,Froslass,00000603,Ice,Ghost,,,,,,,,,,,,,,,
4,Sinnoh,0478.1,Froslass Mega,00000604,Ice,Ghost,,,,,,,,,,,,,,,
4,Sinnoh,0479,Rotom,00000605,Electric,Ghost,,,,,,,,,,,,,,,
4,Sinnoh,0479.1,Rotom Heat,00000606,Electric,Fire,,,,,,,,,,,,,,,
4,Sinnoh,0479.2,Rotom Wash,00000607,Electric,Water,,,,,,,,,,,,,,,
4,Sinnoh,0479.3,Rotom Frost,00000608,Electric,Ice,,,,,,,,,,,,,,,
4,Sinnoh,0479.4,Rotom Fan,00000609,Electric,Flying,,,,,,,,,,,,,,,
4,Sinnoh,0479.5,Rotom Mow,00000610,Electric,Grass,,,,,,,,,,,,,,,
4,Sinnoh,0480,Uxie,00000611,Psychic,xMono,,,,,,,,,,,,,,,
4,Sinnoh,0481,Mesprit,00000612,Psychic,xMono,,,,,,,,,,,,,,,
4,Sinnoh,0482,Azelf,00000613,Psychic,xMono,,,,,,,,,,,,,,,
4,Sinnoh,0483,Dialga,00000614,Steel,Dragon,,,,,,,,,,,,,,,
4,Hisui,0483.1,Dialga Origin,00000615,Steel,Dragon,,,,,,,,,,,,,,,
4,Sinnoh,0484,Palkia,00000616,Water,Dragon,,,,,,,,,,,,,,,
4,Hisui,0484.1,Palkia Origin,00000617,Water,Dragon,,,,,,,,,,,,,,,
4,Sinnoh,0485,Heatran,00000618,Fire,Steel,,,,,,,,,,,,,,,
4,Sinnoh,0485.1,Heatran Mega,00000619,Fire,Steel,,,,,,,,,,,,,,,
4,Sinnoh,0486,Regigigas,00000620,Normal,xMono,,,,,,,,,,,,,,,
4,Sinnoh,0487,Giratina Altered,00000621,Ghost,Dragon,,,,,,,,,,,,,,,
4,Sinnoh,0487.1,Giratina Origin,00000622,Ghost,Dragon,,,,,,,,,,,,,,,
4,Sinnoh,0488,Cresselia,00000623,Psychic,xMono,,,,,,,,,,,,,,,
4,Sinnoh,0489,Phione,00000624,Water,xMono,,,,,,,,,,,,,,,
4,Sinnoh,0490,Manaphy,00000625,Water,xMono,,,,,,,,,,,,,,,
4,Sinnoh,0491,Darkrai,00000626,Dark,xMono,,,,,,,,,,,,,,,
4,Sinnoh,0491.1,Darkrai Mega,00000627,Dark,xMono,,,,,,,,,,,,,,,
4,Sinnoh,0492,Shaymin Land,00000628,Grass,xMono,,,,,,,,,,,,,,,
4,Sinnoh,0492.1,Shaymin Sky,00000629,Grass,Flying,,,,,,,,,,,,,,,
4,Sinnoh,0493,Arceus,00000630,Normal,xMono,,,,,,,,,,,,,,,
5,Unova,0494,Victini,00000631,Psychic,Fire,,,,,,,,,,,,,,,
5,Unova,0495,Snivy,00000632,Grass,xMono,,,,,,,,,,,,,,,
5,Unova,0496,Servine,00000633,Grass,xMono,,,,,,,,,,,,,,,
5,Unova,0497,Serperior,00000634,Grass,xMono,,,,,,,,,,,,,,,
5,Unova,0498,Tepig,00000635,Fire,xMono,,,,,,,,,,,,,,,
5,Unova,0499,Pignite,00000636,Fire,Fighting,,,,,,,,,,,,,,,
5,Unova,0500,Emboar,00000637,Fire,Fighting,,,,,,,,,,,,,,,
5,Unova,0500.1,Emboar Mega,00000638,Fire,Fighting,,,,,,,,,,,,,,,
5,Unova,0501,Oshawott,00000639,Water,xMono,,,,,,,,,,,,,,,
5,Unova,0502,Dewott,00000640,Water,xMono,,,,,,,,,,,,,,,
5,Unova,0503,Samurott,00000641,Water,xMono,,,,,,,,,,,,,,,
5,Hisui,0503.1,Samurott Hisui,00000642,Water,Dark,,,,,,,,,,,,,,,
5,Unova,0504,Patrat,00000643,Normal,xMono,,,,,,,,,,,,,,,
5,Unova,0505,Watchog,00000644,Normal,xMono,,,,,,,,,,,,,,,
5,Unova,0506,Lillipup,00000645,Normal,xMono,,,,,,,,,,,,,,,
5,Unova,0507,Herdier,00000646,Normal,xMono,,,,,,,,,,,,,,,
5,Unova,0508,Stoutland,00000647,Normal,xMono,,,,,,,,,,,,,,,
5,Unova,0509,Purrloin,00000648,Dark,xMono,,,,,,,,,,,,,,,
5,Unova,0510,Liepard,00000649,Dark,xMono,,,,,,,,,,,,,,,
5,Unova,0511,Pansage,00000650,Grass,xMono,,,,,,,,,,,,,,,
5,Unova,0512,Simisage,00000651,Grass,xMono,,,,,,,,,,,,,,,
5,Unova,0513,Pansear,00000652,Fire,xMono,,,,,,,,,,,,,,,
5,Unova,0514,Simisear,00000653,Fire,xMono,,,,,,,,,,,,,,,
5,Unova,0515,Panpour,00000654,Water,xMono,,,,,,,,,,,,,,,
5,Unova,0516,Simipour,00000655,Water,xMono,,,,,,,,,,,,,,,
5,Unova,0517,Munna,00000656,Psychic,xMono,,,,,,,,,,,,,,,
5,Unova,0518,Musharna,00000657,Psychic,xMono,,,,,,,,,,,,,,,
5,Unova,0519,Pidove,00000658,Normal,Flying,,,,,,,,,,,,,,,
5,Unova,0520,Tranquill,00000659,Normal,Flying,,,,,,,,,,,,,,,
5,Unova,0521,Unfezant Male,00000660,Normal,Flying,,,,,,,,,,,,,,,
5,Unova,0522,Blitzle,00000661,Electric,xMono,,,,,,,,,,,,,,,
5,Unova,0523,Zebstrika,00000662,Electric,xMono,,,,,,,,,,,,,,,
5,Unova,0524,Roggenrola,00000663,Rock,xMono,,,,,,,,,,,,,,,
5,Unova,0525,Boldore,00000664,Rock,xMono,,,,,,,,,,,,,,,
5,Unova,0526,Gigalith,00000665,Rock,xMono,,,,,,,,,,,,,,,
5,Unova,0527,Woobat,00000666,Psychic,Flying,,,,,,,,,,,,,,,
5,Unova,0528,Swoobat,00000667,Psychic,Flying,,,,,,,,,,,,,,,
5,Unova,0529,Drilbur,00000668,Ground,xMono,,,,,,,,,,,,,,,
5,Unova,0530,Excadrill,00000669,Ground,Steel,,,,,,,,,,,,,,,
5,Unova,0530.1,Excadrill Mega,00000670,Ground,Steel,,,,,,,,,,,,,,,
5,Unova,0531,Audino,00000671,Normal,xMono,,,,,,,,,,,,,,,
5,Unova,0531.1,Audino Mega,00000672,Normal,Fairy,,,,,,,,,,,,,,,
5,Unova,0532,Timburr,00000673,Fighting,xMono,,,,,,,,,,,,,,,
5,Unova,0533,Gurdurr,00000674,Fighting,xMono,,,,,,,,,,,,,,,
5,Unova,0534,Conkeldurr,00000675,Fighting,xMono,,,,,,,,,,,,,,,
5,Unova,0535,Tympole,00000676,Water,xMono,,,,,,,,,,,,,,,
5,Unova,0536,Palpitoad,00000677,Water,Ground,,,,,,,,,,,,,,,
5,Unova,0537,Seismitoad,00000678,Water,Ground,,,,,,,,,,,,,,,
5,Unova,0538,Throh,00000679,Fighting,xMono,,,,,,,,,,,,,,,
5,Unova,0539,Sawk,00000680,Fighting,xMono,,,,,,,,,,,,,,,
5,Unova,0540,Sewaddle,00000681,Bug,Grass,,,,,,,,,,,,,,,
5,Unova,0541,Swadloon,00000682,Bug,Grass,,,,,,,,,,,,,,,
5,Unova,0542,Leavanny,00000683,Bug,Grass,,,,,,,,,,,,,,,
5,Unova,0543,Venipede,00000684,Bug,Poison,,,,,,,,,,,,,,,
5,Unova,0544,Whirlipede,00000685,Bug,Poison,,,,,,,,,,,,,,,
5,Unova,0545,Scolipede,00000686,Bug,Poison,,,,,,,,,,,,,,,
5,Unova,0545.1,Scolipede Mega,00000687,Bug,Poison,,,,,,,,,,,,,,,
5,Unova,0546,Cottonee,00000688,Grass,Fairy,,,,,,,,,,,,,,,
5,Unova,0547,Whimsicott,00000689,Grass,Fairy,,,,,,,,,,,,,,,
5,Unova,0548,Petilil,00000690,Grass,xMono,,,,,,,,,,,,,,,
5,Unova,0549,Lilligant,00000691,Grass,xMono,,,,,,,,,,,,,,,
5,Hisui,0549.1,Lilligant Hisui,00000692,Grass,Fighting,,,,,,,,,,,,,,,
5,Unova,0550,Basculin Red,00000693,Water,xMono,,,,,,,,,,,,,,,
5,Unova,0550.1,Basculin Blue,00000694,Water,xMono,,,,,,,,,,,,,,,
5,Hisui,0550.2,Basculin White Striped,00000695,Water,xMono,,,,,,,,,,,,,,,
5,Unova,0551,Sandile,00000696,Ground,Dark,,,,,,,,,,,,,,,
5,Unova,0552,Krokorok,00000697,Ground,Dark,,,,,,,,,,,,,,,
5,Unova,0553,Krookodile,00000698,Ground,Dark,,,,,,,,,,,,,,,
5,Unova,0554,Darumaka,00000699,Fire,xMono,,,,,,,,,,,,,,,
5,Galar,0554.1,Darumaka Galar,00000700,Ice,xMono,,,,,,,,,,,,,,,
5,Unova,0555,Darmanitan Standard,00000701,Fire,xMono,,,,,,,,,,,,,,,
5,Unova,0555.1,Darmanitan Zen,00000702,Fire,Psychic,,,,,,,,,,,,,,,
5,Galar,0555.2,Darmanitan Galar Standard,00000703,Ice,xMono,,,,,,,,,,,,,,,
5,Galar,0555.3,Darmanitan Galar Zen,00000704,Ice,Fire,,,,,,,,,,,,,,,
5,Unova,0556,Maractus,00000705,Grass,xMono,,,,,,,,,,,,,,,
5,Unova,0557,Dwebble,00000706,Bug,Rock,,,,,,,,,,,,,,,
5,Unova,0558,Crustle,00000707,Bug,Rock,,,,,,,,,,,,,,,
5,Unova,0559,Scraggy,00000708,Dark,Fighting,,,,,,,,,,,,,,,
5,Unova,0560,Scrafty,00000709,Dark,Fighting,,,,,,,,,,,,,,,
5,Unova,0560.1,Scrafty Mega,00000710,Dark,Fighting,,,,,,,,,,,,,,,
5,Unova,0561,Sigilyph,00000711,Psychic,Flying,,,,,,,,,,,,,,,
5,Unova,0562,Yamask,00000712,Ghost,xMono,,,,,,,,,,,,,,,
5,Galar,0562.1,Yamask Galar,00000713,Ground,Ghost,,,,,,,,,,,,,,,
5,Unova,0563,Cofagrigus,00000714,Ghost,xMono,,,,,,,,,,,,,,,
5,Unova,0564,Tirtouga,00000715,Water,Rock,,,,,,,,,,,,,,,
5,Unova,0565,Carracosta,00000716,Water,Rock,,,,,,,,,,,,,,,
5,Unova,0566,Archen,00000717,Rock,Flying,,,,,,,,,,,,,,,
5,Unova,0567,Archeops,00000718,Rock,Flying,,,,,,,,,,,,,,,
5,Unova,0568,Trubbish,00000719,Poison,xMono,,,,,,,,,,,,,,,
5,Unova,0569,Garbodor,00000720,Poison,xMono,,,,,,,,,,,,,,,
5,Unova,0569.1,Garbodor Gmax,00000721,Poison,xMono,,,,,,,,,,,,,,,
5,Unova,0570,Zorua,00000722,Dark,xMono,,,,,,,,,,,,,,,
5,Hisui,0570.1,Zorua Hisui,00000723,Normal,Ghost,,,,,,,,,,,,,,,
5,Unova,0571,Zoroark,00000724,Dark,xMono,,,,,,,,,,,,,,,
5,Hisui,0571.1,Zoroark Hisui,00000725,Normal,Ghost,,,,,,,,,,,,,,,
5,Unova,0572,Minccino,00000726,Normal,xMono,,,,,,,,,,,,,,,
5,Unova,0573,Cinccino,00000727,Normal,xMono,,,,,,,,,,,,,,,
5,Unova,0574,Gothita,00000728,Psychic,xMono,,,,,,,,,,,,,,,
5,Unova,0575,Gothorita,00000729,Psychic,xMono,,,,,,,,,,,,,,,
5,Unova,0576,Gothitelle,00000730,Psychic,xMono,,,,,,,,,,,,,,,
5,Unova,0577,Solosis,00000731,Psychic,xMono,,,,,,,,,,,,,,,
5,Unova,0578,Duosion,00000732,Psychic,xMono,,,,,,,,,,,,,,,
5,Unova,0579,Reuniclus,00000733,Psychic,xMono,,,,,,,,,,,,,,,
5,Unova,0580,Ducklett,00000734,Water,Flying,,,,,,,,,,,,,,,
5,Unova,0581,Swanna,00000735,Water,Flying,,,,,,,,,,,,,,,
5,Unova,0582,Vanillite,00000736,Ice,xMono,,,,,,,,,,,,,,,
5,Unova,0583,Vanillish,00000737,Ice,xMono,,,,,,,,,,,,,,,
5,Unova,0584,Vanilluxe,00000738,Ice,xMono,,,,,,,,,,,,,,,
5,Unova,0585,Deerling Spring,00000739,Normal,Grass,,,,,,,,,,,,,,,
5,Unova,0586,Sawsbuck Spring,00000740,Normal,Grass,,,,,,,,,,,,,,,
5,Unova,0587,Emolga,00000741,Electric,Flying,,,,,,,,,,,,,,,
5,Unova,0588,Karrablast,00000742,Bug,xMono,,,,,,,,,,,,,,,
5,Unova,0589,Escavalier,00000743,Bug,Steel,,,,,,,,,,,,,,,
5,Unova,0590,Foongus,00000744,Grass,Poison,,,,,,,,,,,,,,,
5,Unova,0591,Amoonguss,00000745,Grass,Poison,,,,,,,,,,,,,,,
5,Unova,0592,Frillish Male,00000746,Water,Ghost,,,,,,,,,,,,,,,
5,Unova,0593,Jellicent Male,00000747,Water,Ghost,,,,,,,,,,,,,,,
5,Unova,0594,Alomomola,00000748,Water,xMono,,,,,,,,,,,,,,,
5,Unova,0595,Joltik,00000749,Bug,Electric,,,,,,,,,,,,,,,
5,Unova,0596,Galvantula,00000750,Bug,Electric,,,,,,,,,,,,,,,
5,Unova,0597,Ferroseed,00000751,Grass,Steel,,,,,,,,,,,,,,,
5,Unova,0598,Ferrothorn,00000752,Grass,Steel,,,,,,,,,,,,,,,
5,Unova,0599,Klink,00000753,Steel,xMono,,,,,,,,,,,,,,,
5,Unova,0600,Klang,00000754,Steel,xMono,,,,,,,,,,,,,,,
5,Unova,0601,Klinklang,00000755,Steel,xMono,,,,,,,,,,,,,,,
5,Unova,0602,Tynamo,00000756,Electric,xMono,,,,,,,,,,,,,,,
5,Unova,0603,Eelektrik,00000757,Electric,xMono,,,,,,,,,,,,,,,
5,Unova,0604,Eelektross,00000758,Electric,xMono,,,,,,,,,,,,,,,
5,Unova,0604.1,Eelektross Mega,00000759,Electric,xMono,,,,,,,,,,,,,,,
5,Unova,0605,Elgyem,00000760,Psychic,xMono,,,,,,,,,,,,,,,
5,Unova,0606,Beheeyem,00000761,Psychic,xMono,,,,,,,,,,,,,,,
5,Unova,0607,Litwick,00000762,Ghost,Fire,,,,,,,,,,,,,,,
5,Unova,0608,Lampent,00000763,Ghost,Fire,,,,,,,,,,,,,,,
5,Unova,0609,Chandelure,00000764,Ghost,Fire,,,,,,,,,,,,,,,
5,Unova,0609.1,Chandelure Mega,00000765,Ghost,Fire,,,,,,,,,,,,,,,
5,Unova,0610,Axew,00000766,Dragon,xMono,,,,,,,,,,,,,,,
5,Unova,0611,Fraxure,00000767,Dragon,xMono,,,,,,,,,,,,,,,
5,Unova,0612,Haxorus,00000768,Dragon,xMono,,,,,,,,,,,,,,,
5,Unova,0613,Cubchoo,00000769,Ice,xMono,,,,,,,,,,,,,,,
5,Unova,0614,Beartic,00000770,Ice,xMono,,,,,,,,,,,,,,,
5,Unova,0615,Cryogonal,00000771,Ice,xMono,,,,,,,,,,,,,,,
5,Unova,0616,Shelmet,00000772,Bug,xMono,,,,,,,,,,,,,,,
5,Unova,0617,Accelgor,00000773,Bug,xMono,,,,,,,,,,,,,,,
5,Unova,0618,Stunfisk,00000774,Ground,Electric,,,,,,,,,,,,,,,
5,Galar,0618.1,Stunfisk Galar,00000775,Ground,Steel,,,,,,,,,,,,,,,
5,Unova,0619,Mienfoo,00000776,Fighting,xMono,,,,,,,,,,,,,,,
5,Unova,0620,Mienshao,00000777,Fighting,xMono,,,,,,,,,,,,,,,
5,Unova,0621,Druddigon,00000778,Dragon,xMono,,,,,,,,,,,,,,,
5,Unova,0622,Golett,00000779,Ground,Ghost,,,,,,,,,,,,,,,
5,Unova,0623,Golurk,00000780,Ground,Ghost,,,,,,,,,,,,,,,
5,Unova,0624,Pawniard,00000781,Dark,Steel,,,,,,,,,,,,,,,
5,Unova,0625,Bisharp,00000782,Dark,Steel,,,,,,,,,,,,,,,
5,Unova,0626,Bouffalant,00000783,Normal,xMono,,,,,,,,,,,,,,,
5,Unova,0627,Rufflet,00000784,Normal,Flying,,,,,,,,,,,,,,,
5,Unova,0628,Braviary,00000785,Normal,Flying,,,,,,,,,,,,,,,
5,Hisui,0628.1,Braviary Hisui,00000786,Psychic,Flying,,,,,,,,,,,,,,,
5,Unova,0629,Vullaby,00000787,Dark,Flying,,,,,,,,,,,,,,,
5,Unova,0630,Mandibuzz,00000788,Dark,Flying,,,,,,,,,,,,,,,
5,Unova,0631,Heatmor,00000789,Fire,xMono,,,,,,,,,,,,,,,
5,Unova,0632,Durant,00000790,Bug,Steel,,,,,,,,,,,,,,,
5,Unova,0633,Deino,00000791,Dark,Dragon,,,,,,,,,,,,,,,
5,Unova,0634,Zweilous,00000792,Dark,Dragon,,,,,,,,,,,,,,,
5,Unova,0635,Hydreigon,00000793,Dark,Dragon,,,,,,,,,,,,,,,
5,Unova,0636,Larvesta,00000794,Bug,Fire,,,,,,,,,,,,,,,
5,Unova,0637,Volcarona,00000795,Bug,Fire,,,,,,,,,,,,,,,
5,Unova,0638,Cobalion,00000796,Steel,Fighting,,,,,,,,,,,,,,,
5,Unova,0639,Terrakion,00000797,Rock,Fighting,,,,,,,,,,,,,,,
5,Unova,0640,Virizion,00000798,Grass,Fighting,,,,,,,,,,,,,,,
5,Unova,0641,Tornadus Incarnate,00000799,Flying,xMono,,,,,,,,,,,,,,,
5,Unova,0641.1,Tornadus Therian,00000800,Flying,xMono,,,,,,,,,,,,,,,
5,Unova,0642,Thundurus Incarnate,00000801,Electric,Flying,,,,,,,,,,,,,,,
5,Unova,0642.1,Thundurus Therian,00000802,Electric,Flying,,,,,,,,,,,,,,,
5,Unova,0643,Reshiram,00000803,Dragon,Fire,,,,,,,,,,,,,,,
5,Unova,0644,Zekrom,00000804,Dragon,Electric,,,,,,,,,,,,,,,
5,Unova,0645,Landorus Incarnate,00000805,Ground,Flying,,,,,,,,,,,,,,,
5,Unova,0645.1,Landorus Therian,00000806,Ground,Flying,,,,,,,,,,,,,,,
5,Unova,0646,Kyurem,00000807,Dragon,Ice,,,,,,,,,,,,,,,
5,Unova,0646.1,Kyurem Black,00000808,Dragon,Ice,,,,,,,,,,,,,,,
5,Unova,0646.2,Kyurem White,00000809,Dragon,Ice,,,,,,,,,,,,,,,
5,Unova,0647,Keldeo Ordinary,00000810,Water,Fighting,,,,,,,,,,,,,,,
5,Unova,0647.1,Keldeo Resolute,00000811,Water,Fighting,,,,,,,,,,,,,,,
5,Unova,0648,Meloetta Aria,00000812,Normal,Psychic,,,,,,,,,,,,,,,
5,Unova,0648.1,Meloetta Pirouette,00000813,Normal,Fighting,,,,,,,,,,,,,,,
5,Unova,0649,Genesect,00000814,Bug,Steel,,,,,,,,,,,,,,,
6,Kalos,0650,Chespin,00000815,Grass,xMono,,,,,,,,,,,,,,,
6,Kalos,0651,Quilladin,00000816,Grass,xMono,,,,,,,,,,,,,,,
6,Kalos,0652,Chesnaught,00000817,Grass,Fighting,,,,,,,,,,,,,,,
6,Kalos,0652.1,Chesnaught Mega,00000818,Grass,Fighting,,,,,,,,,,,,,,,
6,Kalos,0653,Fennekin,00000819,Fire,xMono,,,,,,,,,,,,,,,
6,Kalos,0654,Braixen,00000820,Fire,xMono,,,,,,,,,,,,,,,
6,Kalos,0655,Delphox,00000821,Fire,Psychic,,,,,,,,,,,,,,,
6,Kalos,0655.1,Delphox Mega,00000822,Fire,Psychic,,,,,,,,,,,,,,,
6,Kalos,0656,Froakie,00000823,Water,xMono,,,,,,,,,,,,,,,
6,Kalos,0657,Frogadier,00000824,Water,xMono,,,,,,,,,,,,,,,
6,Kalos,0658,Greninja,00000825,Water,Dark,,,,,,,,,,,,,,,
6,Kalos,0658.1,Greninja Ash,00000826,Water,Dark,,,,,,,,,,,,,,,
6,Kalos,0658.2,Greninja Mega,00000827,Water,Dark,,,,,,,,,,,,,,,
6,Kalos,0659,Bunnelby,00000828,Normal,xMono,,,,,,,,,,,,,,,
6,Kalos,0660,Diggersby,00000829,Normal,Ground,,,,,,,,,,,,,,,
6,Kalos,0661,Fletchling,00000830,Normal,Flying,,,,,,,,,,,,,,,
6,Kalos,0662,Fletchinder,00000831,Fire,Flying,,,,,,,,,,,,,,,
6,Kalos,0663,Talonflame,00000832,Fire,Flying,,,,,,,,,,,,,,,
6,Kalos,0664,Scatterbug,00000833,Bug,xMono,,,,,,,,,,,,,,,
6,Kalos,0665,Spewpa,00000834,Bug,xMono,,,,,,,,,,,,,,,
6,Kalos,0666,Vivillon,00000835,Bug,Flying,,,,,,,,,,,,,,,
6,Kalos,0667,Litleo,00000836,Fire,Normal,,,,,,,,,,,,,,,
6,Kalos,0668,Pyroar Male,00000837,Fire,Normal,,,,,,,,,,,,,,,
6,Kalos,0668.1,Pyroar Mega,00000838,Fire,Normal,,,,,,,,,,,,,,,
6,Kalos,0669,Flabebe,00000839,Fairy,xMono,,,,,,,,,,,,,,,
6,Kalos,0670,Floette,00000840,Fairy,xMono,,,,,,,,,,,,,,,
6,Kalos,0670.1,Floette Eternal,00000841,Fairy,xMono,,,,,,,,,,,,,,,
6,Kalos,0670.2,Floette Mega,00000842,Fairy,xMono,,,,,,,,,,,,,,,
6,Kalos,0671,Florges,00000843,Fairy,xMono,,,,,,,,,,,,,,,
6,Kalos,0672,Skiddo,00000844,Grass,xMono,,,,,,,,,,,,,,,
6,Kalos,0673,Gogoat,00000845,Grass,xMono,,,,,,,,,,,,,,,
6,Kalos,0674,Pancham,00000846,Fighting,xMono,,,,,,,,,,,,,,,
6,Kalos,0675,Pangoro,00000847,Fighting,Dark,,,,,,,,,,,,,,,
6,Kalos,0676,Furfrou,00000848,Normal,xMono,,,,,,,,,,,,,,,
6,Kalos,0677,Espurr,00000849,Psychic,xMono,,,,,,,,,,,,,,,
6,Kalos,0678,Meowstic Male,00000850,Psychic,xMono,,,,,,,,,,,,,,,
6,Kalos,0678.1,Meowstic Female,00000851,Psychic,xMono,,,,,,,,,,,,,,,
6,Kalos,0679,Honedge,00000852,Steel,Ghost,,,,,,,,,,,,,,,
6,Kalos,0680,Doublade,00000853,Steel,Ghost,,,,,,,,,,,,,,,
6,Kalos,0681,Aegislash Shield,00000854,Steel,Ghost,,,,,,,,,,,,,,,
6,Kalos,0681.1,Aegislash Blade,00000855,Steel,Ghost,,,,,,,,,,,,,,,
6,Kalos,0682,Spritzee,00000856,Fairy,xMono,,,,,,,,,,,,,,,
6,Kalos,0683,Aromatisse,00000857,Fairy,xMono,,,,,,,,,,,,,,,
6,Kalos,0684,Swirlix,00000858,Fairy,xMono,,,,,,,,,,,,,,,
6,Kalos,0685,Slurpuff,00000859,Fairy,xMono,,,,,,,,,,,,,,,
6,Kalos,0686,Inkay,00000860,Dark,Psychic,,,,,,,,,,,,,,,
6,Kalos,0687,Malamar,00000861,Dark,Psychic,,,,,,,,,,,,,,,
6,Kalos,0687.1,Malamar Mega,00000862,Dark,Psychic,,,,,,,,,,,,,,,
6,Kalos,0688,Binacle,00000863,Rock,Water,,,,,,,,,,,,,,,
6,Kalos,0689,Barbaracle,00000864,Rock,Water,,,,,,,,,,,,,,,
6,Kalos,0689.1,Barbaracle Mega,00000865,Rock,Fighting,,,,,,,,,,,,,,,
6,Kalos,0690,Skrelp,00000866,Poison,Water,,,,,,,,,,,,,,,
6,Kalos,0691,Dragalge,00000867,Poison,Dragon,,,,,,,,,,,,,,,
6,Kalos,0691.1,Dragalge Mega,00000868,Poison,Dragon,,,,,,,,,,,,,,,
6,Kalos,0692,Clauncher,00000869,Water,xMono,,,,,,,,,,,,,,,
6,Kalos,0693,Clawitzer,00000870,Water,xMono,,,,,,,,,,,,,,,
6,Kalos,0694,Helioptile,00000871,Electric,Normal,,,,,,,,,,,,,,,
6,Kalos,0695,Heliolisk,00000872,Electric,Normal,,,,,,,,,,,,,,,
6,Kalos,0696,Tyrunt,00000873,Rock,Dragon,,,,,,,,,,,,,,,
6,Kalos,0697,Tyrantrum,00000874,Rock,Dragon,,,,,,,,,,,,,,,
6,Kalos,0698,Amaura,00000875,Rock,Ice,,,,,,,,,,,,,,,
6,Kalos,0699,Aurorus,00000876,Rock,Ice,,,,,,,,,,,,,,,
6,Kalos,0700,Sylveon,00000877,Fairy,xMono,,,,,,,,,,,,,,,
6,Kalos,0701,Hawlucha,00000878,Fighting,Flying,,,,,,,,,,,,,,,
6,Kalos,0701.1,Hawlucha Mega,00000879,Fighting,Flying,,,,,,,,,,,,,,,
6,Kalos,0702,Dedenne,00000880,Electric,Fairy,,,,,,,,,,,,,,,
6,Kalos,0703,Carbink,00000881,Rock,Fairy,,,,,,,,,,,,,,,
6,Kalos,0704,Goomy,00000882,Dragon,xMono,,,,,,,,,,,,,,,
6,Kalos,0705,Sliggoo,00000883,Dragon,xMono,,,,,,,,,,,,,,,
6,Hisui,0705.1,Sliggoo Hisui,00000884,Steel,Dragon,,,,,,,,,,,,,,,
6,Kalos,0706,Goodra,00000885,Dragon,xMono,,,,,,,,,,,,,,,
6,Hisui,0706.1,Goodra Hisui,00000886,Steel,Dragon,,,,,,,,,,,,,,,
6,Kalos,0707,Klefki,00000887,Steel,Fairy,,,,,,,,,,,,,,,
6,Kalos,0708,Phantump,00000888,Ghost,Grass,,,,,,,,,,,,,,,
6,Kalos,0709,Trevenant,00000889,Ghost,Grass,,,,,,,,,,,,,,,
6,Kalos,0710,Pumpkaboo Average,00000890,Ghost,Grass,,,,,,,,,,,,,,,
6,Kalos,0710.1,Pumpkaboo Small,00000891,Ghost,Grass,,,,,,,,,,,,,,,
6,Kalos,0710.2,Pumpkaboo Large,00000892,Ghost,Grass,,,,,,,,,,,,,,,
6,Kalos,0710.3,Pumpkaboo Super,00000893,Ghost,Grass,,,,,,,,,,,,,,,
6,Kalos,0711,Gourgeist Average,00000894,Ghost,Grass,,,,,,,,,,,,,,,
6,Kalos,0711.1,Gourgeist Small,00000895,Ghost,Grass,,,,,,,,,,,,,,,
6,Kalos,0711.2,Gourgeist Large,00000896,Ghost,Grass,,,,,,,,,,,,,,,
6,Kalos,0711.3,Gourgeist Super,00000897,Ghost,Grass,,,,,,,,,,,,,,,
6,Kalos,0712,Bergmite,00000898,Ice,xMono,,,,,,,,,,,,,,,
6,Kalos,0713,Avalugg,00000899,Ice,xMono,,,,,,,,,,,,,,,
6,Hisui,0713.1,Avalugg Hisui,00000900,Ice,Rock,,,,,,,,,,,,,,,
6,Kalos,0714,Noibat,00000901,Flying,Dragon,,,,,,,,,,,,,,,
6,Kalos,0715,Noivern,00000902,Flying,Dragon,,,,,,,,,,,,,,,
6,Kalos,0716,Xerneas,00000903,Fairy,xMono,,,,,,,,,,,,,,,
6,Kalos,0717,Yveltal,00000904,Dark,Flying,,,,,,,,,,,,,,,
6,Alola,0718,Zygarde 10%,00000905,Dragon,Ground,,,,,,,,,,,,,,,
6,Kalos,0718.1,Zygarde 50%,00000906,Dragon,Ground,,,,,,,,,,,,,,,
6,Alola,0718.2,Zygarde Complete,00000907,Dragon,Ground,,,,,,,,,,,,,,,
6,Kalos,0718.3,Zygarde Mega,00000908,Dragon,Ground,,,,,,,,,,,,,,,
6,Kalos,0719,Diancie,00000909,Rock,Fairy,,,,,,,,,,,,,,,
6,Kalos,0719.1,Diancie Mega,00000910,Rock,Fairy,,,,,,,,,,,,,,,
6,Kalos,0720,Hoopa,00000911,Psychic,Ghost,,,,,,,,,,,,,,,
6,Kalos,0720.1,Hoopa Unbound,00000912,Psychic,Dark,,,,,,,,,,,,,,,
6,Kalos,0721,Volcanion,00000913,Fire,Water,,,,,,,,,,,,,,,
7,Alola,0722,Rowlet,00000914,Grass,Flying,,,,,,,,,,,,,,,
7,Alola,0723,Dartrix,00000915,Grass,Flying,,,,,,,,,,,,,,,
7,Alola,0724,Decidueye,00000916,Grass,Ghost,,,,,,,,,,,,,,,
7,Hisui,0724.1,Decidueye Hisui,00000917,Grass,Fighting,,,,,,,,,,,,,,,
7,Alola,0725,Litten,00000918,Fire,xMono,,,,,,,,,,,,,,,
7,Alola,0726,Torracat,00000919,Fire,xMono,,,,,,,,,,,,,,,
7,Alola,0727,Incineroar,00000920,Fire,Dark,,,,,,,,,,,,,,,
7,Alola,0728,Popplio,00000921,Water,xMono,,,,,,,,,,,,,,,
7,Alola,0729,Brionne,00000922,Water,xMono,,,,,,,,,,,,,,,
7,Alola,0730,Primarina,00000923,Water,Fairy,,,,,,,,,,,,,,,
7,Alola,0731,Pikipek,00000924,Normal,Flying,,,,,,,,,,,,,,,
7,Alola,0732,Trumbeak,00000925,Normal,Flying,,,,,,,,,,,,,,,
7,Alola,0733,Toucannon,00000926,Normal,Flying,,,,,,,,,,,,,,,
7,Alola,0734,Yungoos,00000927,Normal,xMono,,,,,,,,,,,,,,,
7,Alola,0735,Gumshoos,00000928,Normal,xMono,,,,,,,,,,,,,,,
7,Alola,0736,Grubbin,00000929,Bug,xMono,,,,,,,,,,,,,,,
7,Alola,0737,Charjabug,00000930,Bug,Electric,,,,,,,,,,,,,,,
7,Alola,0738,Vikavolt,00000931,Bug,Electric,,,,,,,,,,,,,,,
7,Alola,0739,Crabrawler,00000932,Fighting,xMono,,,,,,,,,,,,,,,
7,Alola,0740,Crabominable,00000933,Fighting,Ice,,,,,,,,,,,,,,,
7,Alola,0741,Oricorio Baile,00000934,Fire,Flying,,,,,,,,,,,,,,,
7,Alola,0741.1,Oricorio Pom Pom,00000935,Electric,Flying,,,,,,,,,,,,,,,
7,Alola,0741.2,Oricorio Pau,00000936,Psychic,Flying,,,,,,,,,,,,,,,
7,Alola,0741.3,Oricorio Sensu,00000937,Ghost,Flying,,,,,,,,,,,,,,,
7,Alola,0742,Cutiefly,00000938,Bug,Fairy,,,,,,,,,,,,,,,
7,Alola,0743,Ribombee,00000939,Bug,Fairy,,,,,,,,,,,,,,,
7,Alola,0744,Rockruff,00000940,Rock,xMono,,,,,,,,,,,,,,,
7,Alola,0744.1,Rockruff Own Tempo,00000941,Rock,xMono,,,,,,,,,,,,,,,
7,Alola,0745,Lycanroc Midday,00000942,Rock,xMono,,,,,,,,,,,,,,,
7,Alola,0745.1,Lycanroc Midnight,00000943,Rock,xMono,,,,,,,,,,,,,,,
7,Alola,0745.2,Lycanroc Dusk,00000944,Rock,xMono,,,,,,,,,,,,,,,
7,Alola,0746,Wishiwashi Solo,00000945,Water,xMono,,,,,,,,,,,,,,,
7,Alola,0746.1,Wishiwashi School,00000946,Water,xMono,,,,,,,,,,,,,,,
7,Alola,0747,Mareanie,00000947,Poison,Water,,,,,,,,,,,,,,,
7,Alola,0748,Toxapex,00000948,Poison,Water,,,,,,,,,,,,,,,
7,Alola,0749,Mudbray,00000949,Ground,xMono,,,,,,,,,,,,,,,
7,Alola,0750,Mudsdale,00000950,Ground,xMono,,,,,,,,,,,,,,,
7,Alola,0751,Dewpider,00000951,Water,Bug,,,,,,,,,,,,,,,
7,Alola,0752,Araquanid,00000952,Water,Bug,,,,,,,,,,,,,,,
7,Alola,0753,Fomantis,00000953,Grass,xMono,,,,,,,,,,,,,,,
7,Alola,0754,Lurantis,00000954,Grass,xMono,,,,,,,,,,,,,,,
7,Alola,0755,Morelull,00000955,Grass,Fairy,,,,,,,,,,,,,,,
7,Alola,0756,Shiinotic,00000956,Grass,Fairy,,,,,,,,,,,,,,,
7,Alola,0757,Salandit,00000957,Poison,Fire,,,,,,,,,,,,,,,
7,Alola,0758,Salazzle,00000958,Poison,Fire,,,,,,,,,,,,,,,
7,Alola,0759,Stufful,00000959,Normal,Fighting,,,,,,,,,,,,,,,
7,Alola,0760,Bewear,00000960,Normal,Fighting,,,,,,,,,,,,,,,
7,Alola,0761,Bounsweet,00000961,Grass,xMono,,,,,,,,,,,,,,,
7,Alola,0762,Steenee,00000962,Grass,xMono,,,,,,,,,,,,,,,
7,Alola,0763,Tsareena,00000963,Grass,xMono,,,,,,,,,,,,,,,
7,Alola,0764,Comfey,00000964,Fairy,xMono,,,,,,,,,,,,,,,
7,Alola,0765,Oranguru,00000965,Normal,Psychic,,,,,,,,,,,,,,,
7,Alola,0766,Passimian,00000966,Fighting,xMono,,,,,,,,,,,,,,,
7,Alola,0767,Wimpod,00000967,Bug,Water,,,,,,,,,,,,,,,
7,Alola,0768,Golisopod,00000968,Bug,Water,,,,,,,,,,,,,,,
7,Alola,0769,Sandygast,00000969,Ghost,Ground,,,,,,,,,,,,,,,
7,Alola,0770,Palossand,00000970,Ghost,Ground,,,,,,,,,,,,,,,
7,Alola,0771,Pyukumuku,00000971,Water,xMono,,,,,,,,,,,,,,,
7,Alola,0772,Type Null,00000972,Normal,xMono,,,,,,,,,,,,,,,
7,Alola,0773,Silvally,00000973,Normal,xMono,,,,,,,,,,,,,,,
7,Alola,0774,Minior Meteor,00000974,Rock,Flying,,,,,,,,,,,,,,,
7,Alola,0774.1,Minior Red,00000975,Rock,Flying,,,,,,,,,,,,,,,
7,Alola,0774.2,Minior Orange,00000976,Rock,Flying,,,,,,,,,,,,,,,
7,Alola,0774.3,Minior Yellow,00000977,Rock,Flying,,,,,,,,,,,,,,,
7,Alola,0774.4,Minior Green,00000978,Rock,Flying,,,,,,,,,,,,,,,
7,Alola,0774.5,Minior Blue,00000979,Rock,Flying,,,,,,,,,,,,,,,
7,Alola,0774.6,Minior Indigo,00000980,Rock,Flying,,,,,,,,,,,,,,,
7,Alola,0774.7,Minior Violet,00000981,Rock,Flying,,,,,,,,,,,,,,,
7,Alola,0775,Komala,00000982,Normal,xMono,,,,,,,,,,,,,,,
7,Alola,0776,Turtonator,00000983,Fire,Dragon,,,,,,,,,,,,,,,
7,Alola,0777,Togedemaru,00000984,Electric,Steel,,,,,,,,,,,,,,,
7,Alola,0778,Mimikyu Disguise,00000985,Ghost,Fairy,,,,,,,,,,,,,,,
7,Alola,0778.1,Mimikyu Busted,00000986,Ghost,Fairy,,,,,,,,,,,,,,,
7,Alola,0779,Bruxish,00000987,Water,Psychic,,,,,,,,,,,,,,,
7,Alola,0780,Drampa,00000988,Normal,Dragon,,,,,,,,,,,,,,,
7,Alola,0780.1,Drampa Mega,00000989,Normal,Dragon,,,,,,,,,,,,,,,
7,Alola,0781,Dhelmise,00000990,Ghost,Grass,,,,,,,,,,,,,,,
7,Alola,0782,Jangmo O,00000991,Dragon,xMono,,,,,,,,,,,,,,,
7,Alola,0783,Hakamo O,00000992,Dragon,Fighting,,,,,,,,,,,,,,,
7,Alola,0784,Kommo O,00000993,Dragon,Fighting,,,,,,,,,,,,,,,
7,Alola,0785,Tapu Koko,00000994,Electric,Fairy,,,,,,,,,,,,,,,
7,Alola,0786,Tapu Lele,00000995,Psychic,Fairy,,,,,,,,,,,,,,,
7,Alola,0787,Tapu Bulu,00000996,Grass,Fairy,,,,,,,,,,,,,,,
7,Alola,0788,Tapu Fini,00000997,Water,Fairy,,,,,,,,,,,,,,,
7,Alola,0789,Cosmog,00000998,Psychic,xMono,,,,,,,,,,,,,,,
7,Alola,0790,Cosmoem,00000999,Psychic,xMono,,,,,,,,,,,,,,,
7,Alola,0791,Solgaleo,00001000,Psychic,Steel,,,,,,,,,,,,,,,
7,Alola,0792,Lunala,00001001,Psychic,Ghost,,,,,,,,,,,,,,,
7,Alola,0793,Nihilego,00001002,Rock,Poison,,,,,,,,,,,,,,,
7,Alola,0794,Buzzwole,00001003,Bug,Fighting,,,,,,,,,,,,,,,
7,Alola,0795,Pheromosa,00001004,Bug,Fighting,,,,,,,,,,,,,,,
7,Alola,0796,Xurkitree,00001005,Electric,xMono,,,,,,,,,,,,,,,
7,Alola,0797,Celesteela,00001006,Steel,Flying,,,,,,,,,,,,,,,
7,Alola,0798,Kartana,00001007,Grass,Steel,,,,,,,,,,,,,,,
7,Alola,0799,Guzzlord,00001008,Dark,Dragon,,,,,,,,,,,,,,,
7,Alola,0800,Necrozma,00001009,Psychic,xMono,,,,,,,,,,,,,,,
7,Alola,0800.1,Necrozma Dusk,00001010,Psychic,Steel,,,,,,,,,,,,,,,
7,Alola,0800.2,Necrozma Dawn,00001011,Psychic,Ghost,,,,,,,,,,,,,,,
7,Alola,0800.3,Necrozma Ultra,00001012,Psychic,Dragon,,,,,,,,,,,,,,,
7,Alola,0801,Magearna,00001013,Steel,Fairy,,,,,,,,,,,,,,,
7,Alola,0801.1,Magearna Original,00001014,Steel,Fairy,,,,,,,,,,,,,,,
7,Alola,0802,Marshadow,00001015,Fighting,Ghost,,,,,,,,,,,,,,,
7,Alola,0803,Poipole,00001016,Poison,xMono,,,,,,,,,,,,,,,
7,Alola,0804,Naganadel,00001017,Poison,Dragon,,,,,,,,,,,,,,,
7,Alola,0805,Stakataka,00001018,Rock,Steel,,,,,,,,,,,,,,,
7,Alola,0806,Blacephalon,00001019,Fire,Ghost,,,,,,,,,,,,,,,
7,Alola,0807,Zeraora,00001020,Electric,xMono,,,,,,,,,,,,,,,
7,Alola,0807.1,Zeraora Mega,00001021,Electric,xMono,,,,,,,,,,,,,,,
7,None,0808,Meltan,00001022,Steel,xMono,,,,,,,,,,,,,,,
7,None,0809,Melmetal,00001023,Steel,xMono,,,,,,,,,,,,,,,
7,None,0809.1,Melmetal Gmax,00001024,Steel,xMono,,,,,,,,,,,,,,,
8,Galar,0810,Grookey,00001025,Grass,xMono,,,,,,,,,,,,,,,
8,Galar,0811,Thwackey,00001026,Grass,xMono,,,,,,,,,,,,,,,
8,Galar,0812,Rillaboom,00001027,Grass,xMono,,,,,,,,,,,,,,,
8,Galar,0812.1,Rillaboom Gmax,00001028,Grass,xMono,,,,,,,,,,,,,,,
8,Galar,0813,Scorbunny,00001029,Fire,xMono,,,,,,,,,,,,,,,
8,Galar,0814,Raboot,00001030,Fire,xMono,,,,,,,,,,,,,,,
8,Galar,0815,Cinderace,00001031,Fire,xMono,,,,,,,,,,,,,,,
8,Galar,0815.1,Cinderace Gmax,00001032,Fire,xMono,,,,,,,,,,,,,,,
8,Galar,0816,Sobble,00001033,Water,xMono,,,,,,,,,,,,,,,
8,Galar,0817,Drizzile,00001034,Water,xMono,,,,,,,,,,,,,,,
8,Galar,0818,Inteleon,00001035,Water,xMono,,,,,,,,,,,,,,,
8,Galar,0818.1,Inteleon Gmax,00001036,Water,xMono,,,,,,,,,,,,,,,
8,Galar,0819,Skwovet,00001037,Normal,xMono,,,,,,,,,,,,,,,
8,Galar,0820,Greedent,00001038,Normal,xMono,,,,,,,,,,,,,,,
8,Galar,0821,Rookidee,00001039,Flying,xMono,,,,,,,,,,,,,,,
8,Galar,0822,Corvisquire,00001040,Flying,xMono,,,,,,,,,,,,,,,
8,Galar,0823,Corviknight,00001041,Flying,Steel,,,,,,,,,,,,,,,
8,Galar,0823.1,Corviknight Gmax,00001042,Flying,Steel,,,,,,,,,,,,,,,
8,Galar,0824,Blipbug,00001043,Bug,xMono,,,,,,,,,,,,,,,
8,Galar,0825,Dottler,00001044,Bug,Psychic,,,,,,,,,,,,,,,
8,Galar,0826,Orbeetle,00001045,Bug,Psychic,,,,,,,,,,,,,,,
8,Galar,0826.1,Orbeetle Gmax,00001046,Bug,Psychic,,,,,,,,,,,,,,,
8,Galar,0827,Nickit,00001047,Dark,xMono,,,,,,,,,,,,,,,
8,Galar,0828,Thievul,00001048,Dark,xMono,,,,,,,,,,,,,,,
8,Galar,0829,Gossifleur,00001049,Grass,xMono,,,,,,,,,,,,,,,
8,Galar,0830,Eldegoss,00001050,Grass,xMono,,,,,,,,,,,,,,,
8,Galar,0831,Wooloo,00001051,Normal,xMono,,,,,,,,,,,,,,,
8,Galar,0832,Dubwool,00001052,Normal,xMono,,,,,,,,,,,,,,,
8,Galar,0833,Chewtle,00001053,Water,xMono,,,,,,,,,,,,,,,
8,Galar,0834,Drednaw,00001054,Water,Rock,,,,,,,,,,,,,,,
8,Galar,0834.1,Drednaw Gmax,00001055,Water,Rock,,,,,,,,,,,,,,,
8,Galar,0835,Yamper,00001056,Electric,xMono,,,,,,,,,,,,,,,
8,Galar,0836,Boltund,00001057,Electric,xMono,,,,,,,,,,,,,,,
8,Galar,0837,Rolycoly,00001058,Rock,xMono,,,,,,,,,,,,,,,
8,Galar,0838,Carkol,00001059,Rock,Fire,,,,,,,,,,,,,,,
8,Galar,0839,Coalossal,00001060,Rock,Fire,,,,,,,,,,,,,,,
8,Galar,0839.1,Coalossal Gmax,00001061,Rock,Fire,,,,,,,,,,,,,,,
8,Galar,0840,Applin,00001062,Grass,Dragon,,,,,,,,,,,,,,,
8,Galar,0841,Flapple,00001063,Grass,Dragon,,,,,,,,,,,,,,,
8,Galar,0841.1,Flapple Gmax,00001064,Grass,Dragon,,,,,,,,,,,,,,,
8,Galar,0842,Appletun,00001065,Grass,Dragon,,,,,,,,,,,,,,,
8,Galar,0842.1,Appletun Gmax,00001066,Grass,Dragon,,,,,,,,,,,,,,,
8,Galar,0843,Silicobra,00001067,Ground,xMono,,,,,,,,,,,,,,,
8,Galar,0844,Sandaconda,00001068,Ground,xMono,,,,,,,,,,,,,,,
8,Galar,0844.1,Sandaconda Gmax,00001069,Ground,xMono,,,,,,,,,,,,,,,
8,Galar,0845,Cramorant,00001070,Flying,Water,,,,,,,,,,,,,,,
8,Galar,0846,Arrokuda,00001071,Water,xMono,,,,,,,,,,,,,,,
8,Galar,0847,Barraskewda,00001072,Water,xMono,,,,,,,,,,,,,,,
8,Galar,0848,Toxel,00001073,Electric,Poison,,,,,,,,,,,,,,,
8,Galar,0849,Toxtricity Amped,00001074,Electric,Poison,,,,,,,,,,,,,,,
8,Galar,0849.1,Toxtricity Low Key,00001075,Electric,Poison,,,,,,,,,,,,,,,
8,Galar,0849.2,Toxtricity Amped Gmax,00001076,Electric,Poison,,,,,,,,,,,,,,,
8,Galar,0849.3,Toxtricity Low Key Gmax,00001077,Electric,Poison,,,,,,,,,,,,,,,
8,Galar,0850,Sizzlipede,00001078,Fire,Bug,,,,,,,,,,,,,,,
8,Galar,0851,Centiskorch,00001079,Fire,Bug,,,,,,,,,,,,,,,
8,Galar,0851.1,Centiskorch Gmax,00001080,Fire,Bug,,,,,,,,,,,,,,,
8,Galar,0852,Clobbopus,00001081,Fighting,xMono,,,,,,,,,,,,,,,
8,Galar,0853,Grapploct,00001082,Fighting,xMono,,,,,,,,,,,,,,,
8,Galar,0854,Sinistea,00001083,Ghost,xMono,,,,,,,,,,,,,,,
8,Galar,0855,Polteageist,00001084,Ghost,xMono,,,,,,,,,,,,,,,
8,Galar,0856,Hatenna,00001085,Psychic,xMono,,,,,,,,,,,,,,,
8,Galar,0857,Hattrem,00001086,Psychic,xMono,,,,,,,,,,,,,,,
8,Galar,0858,Hatterene,00001087,Psychic,Fairy,,,,,,,,,,,,,,,
8,Galar,0858.1,Hatterene Gmax,00001088,Psychic,Fairy,,,,,,,,,,,,,,,
8,Galar,0859,Impidimp,00001089,Dark,Fairy,,,,,,,,,,,,,,,
8,Galar,0860,Morgrem,00001090,Dark,Fairy,,,,,,,,,,,,,,,
8,Galar,0861,Grimmsnarl,00001091,Dark,Fairy,,,,,,,,,,,,,,,
8,Galar,0861.1,Grimmsnarl Gmax,00001092,Dark,Fairy,,,,,,,,,,,,,,,
8,Galar,0862,Obstagoon,00001093,Dark,Normal,,,,,,,,,,,,,,,
8,Galar,0863,Perrserker,00001094,Steel,xMono,,,,,,,,,,,,,,,
8,Galar,0864,Cursola,00001095,Ghost,xMono,,,,,,,,,,,,,,,
8,Galar,0865,Sirfetchd,00001096,Fighting,xMono,,,,,,,,,,,,,,,
8,Galar,0866,Mr Rime,00001097,Ice,Psychic,,,,,,,,,,,,,,,
8,Galar,0867,Runerigus,00001098,Ground,Ghost,,,,,,,,,,,,,,,
8,Galar,0868,Milcery,00001099,Fairy,xMono,,,,,,,,,,,,,,,
8,Galar,0869,Alcremie,00001100,Fairy,xMono,,,,,,,,,,,,,,,
8,Galar,0869.1,Alcremie Gmax,00001101,Fairy,xMono,,,,,,,,,,,,,,,
8,Galar,0870,Falinks,00001102,Fighting,xMono,,,,,,,,,,,,,,,
8,Galar,0870.1,Falinks Mega,00001103,Fighting,xMono,,,,,,,,,,,,,,,
8,Galar,0871,Pincurchin,00001104,Electric,xMono,,,,,,,,,,,,,,,
8,Galar,0872,Snom,00001105,Ice,Bug,,,,,,,,,,,,,,,
8,Galar,0873,Frosmoth,00001106,Ice,Bug,,,,,,,,,,,,,,,
8,Galar,0874,Stonjourner,00001107,Rock,xMono,,,,,,,,,,,,,,,
8,Galar,0875,Eiscue Ice,00001108,Ice,xMono,,,,,,,,,,,,,,,
8,Galar,0875.1,Eiscue Noice,00001109,Ice,xMono,,,,,,,,,,,,,,,
8,Galar,0876,Indeedee Male,00001110,Psychic,Normal,,,,,,,,,,,,,,,
8,Galar,0876.1,Indeedee Female,00001111,Psychic,Normal,,,,,,,,,,,,,,,
8,Galar,0877,Morpeko Full,00001112,Electric,Dark,,,,,,,,,,,,,,,
8,Galar,0877.1,Morpeko Hangry,00001113,Electric,Dark,,,,,,,,,,,,,,,
8,Galar,0878,Cufant,00001114,Steel,xMono,,,,,,,,,,,,,,,
8,Galar,0879,Copperajah,00001115,Steel,xMono,,,,,,,,,,,,,,,
8,Galar,0879.1,Copperajah Gmax,00001116,Steel,xMono,,,,,,,,,,,,,,,
8,Galar,0880,Dracozolt,00001117,Electric,Dragon,,,,,,,,,,,,,,,
8,Galar,0881,Arctozolt,00001118,Electric,Ice,,,,,,,,,,,,,,,
8,Galar,0882,Dracovish,00001119,Water,Dragon,,,,,,,,,,,,,,,
8,Galar,0883,Arctovish,00001120,Water,Ice,,,,,,,,,,,,,,,
8,Galar,0884,Duraludon,00001121,Steel,Dragon,,,,,,,,,,,,,,,
8,Galar,0884.1,Duraludon Gmax,00001122,Steel,Dragon,,,,,,,,,,,,,,,
8,Galar,0885,Dreepy,00001123,Dragon,Ghost,,,,,,,,,,,,,,,
8,Galar,0886,Drakloak,00001124,Dragon,Ghost,,,,,,,,,,,,,,,
8,Galar,0887,Dragapult,00001125,Dragon,Ghost,,,,,,,,,,,,,,,
8,Galar,0888,Zacian,00001126,Fairy,xMono,,,,,,,,,,,,,,,
8,Galar,0888.1,Zacian Crowned,00001127,Fairy,Steel,,,,,,,,,,,,,,,
8,Galar,0889,Zamazenta,00001128,Fighting,xMono,,,,,,,,,,,,,,,
8,Galar,0889.1,Zamazenta Crowned,00001129,Fighting,Steel,,,,,,,,,,,,,,,
8,Galar,0890,Eternatus,00001130,Poison,Dragon,,,,,,,,,,,,,,,
8,Galar,0890.1,Eternatus Eternamax,00001131,Poison,Dragon,,,,,,,,,,,,,,,
8,Galar,0891,Kubfu,00001132,Fighting,xMono,,,,,,,,,,,,,,,
8,Galar,0892,Urshifu Single Strike,00001133,Fighting,Dark,,,,,,,,,,,,,,,
8,Galar,0892.1,Urshifu Rapid Strike,00001134,Fighting,Water,,,,,,,,,,,,,,,
8,Galar,0892.2,Urshifu Single Strike Gmax,00001135,Fighting,Dark,,,,,,,,,,,,,,,
8,Galar,0892.3,Urshifu Rapid Strike Gmax,00001136,Fighting,Water,,,,,,,,,,,,,,,
8,Galar,0893,Zarude,00001137,Dark,Grass,,,,,,,,,,,,,,,
8,Galar,0893.1,Zarude Dada,00001138,Dark,Grass,,,,,,,,,,,,,,,
8,Galar,0894,Regieleki,00001139,Electric,xMono,,,,,,,,,,,,,,,
8,Galar,0895,Regidrago,00001140,Dragon,xMono,,,,,,,,,,,,,,,
8,Galar,0896,Glastrier,00001141,Ice,xMono,,,,,,,,,,,,,,,
8,Galar,0897,Spectrier,00001142,Ghost,xMono,,,,,,,,,,,,,,,
8,Galar,0898,Calyrex,00001143,Psychic,Grass,,,,,,,,,,,,,,,
8,Galar,0898.1,Calyrex Ice,00001144,Psychic,Ice,,,,,,,,,,,,,,,
8,Galar,0898.2,Calyrex Shadow,00001145,Psychic,Ghost,,,,,,,,,,,,,,,
8,Hisui,0899,Wyrdeer,00001146,Normal,Psychic,,,,,,,,,,,,,,,
8,Hisui,0900,Kleavor,00001147,Bug,Rock,,,,,,,,,,,,,,,
8,Hisui,0901,Ursaluna,00001148,Ground,Normal,,,,,,,,,,,,,,,
8,Paldea,0901.1,Ursaluna Bloodmoon,00001149,Ground,Normal,,,,,,,,,,,,,,,
8,Hisui,0902,Basculegion Male,00001150,Water,Ghost,,,,,,,,,,,,,,,
8,Hisui,0902.1,Basculegion Female,00001151,Water,Ghost,,,,,,,,,,,,,,,
8,Hisui,0903,Sneasler,00001152,Fighting,Poison,,,,,,,,,,,,,,,
8,Hisui,0904,Overqwil,00001153,Dark,Poison,,,,,,,,,,,,,,,
8,Hisui,0905,Enamorus Incarnate,00001154,Fairy,Flying,,,,,,,,,,,,,,,
8,Hisui,0905.1,Enamorus Therian,00001155,Fairy,Flying,,,,,,,,,,,,,,,
9,Paldea,0906,Sprigatito,00001156,Grass,xMono,,,,,,,,,,,,,,,
9,Paldea,0907,Floragato ,00001157,Grass,xMono,,,,,,,,,,,,,,,
9,Paldea,0908,Meowscarada,00001158,Grass,Dark,,,,,,,,,,,,,,,
9,Paldea,0909,Fuecoco,00001159,Fire,xMono,,,,,,,,,,,,,,,
9,Paldea,0910,Crocalor,00001160,Fire,xMono,,,,,,,,,,,,,,,
9,Paldea,0911,Skeledirge,00001161,Fire,Ghost,,,,,,,,,,,,,,,
9,Paldea,0912,Quaxly,00001162,Water,xMono,,,,,,,,,,,,,,,
9,Paldea,0913,Quaxwell,00001163,Water,xMono,,,,,,,,,,,,,,,
9,Paldea,0914,Quaquaval,00001164,Water,Fighting,,,,,,,,,,,,,,,
9,Paldea,0915,Lechonk,00001165,Normal,xMono,,,,,,,,,,,,,,,
9,Paldea,0916,Oinkologne,00001166,Normal,xMono,,,,,,,,,,,,,,,
9,Paldea,0916.1,Oinkologne Female,00001167,Normal,xMono,,,,,,,,,,,,,,,
9,Paldea,0917,Tarountula,00001168,Bug,xMono,,,,,,,,,,,,,,,
9,Paldea,0918,Spidops,00001169,Bug,xMono,,,,,,,,,,,,,,,
9,Paldea,0919,Nymble,00001170,Bug,xMono,,,,,,,,,,,,,,,
9,Paldea,0920,Lokix,00001171,Bug,Dark,,,,,,,,,,,,,,,
9,Paldea,0921,Pawmi,00001172,Electric,xMono,,,,,,,,,,,,,,,
9,Paldea,0922,Pawmo,00001173,Electric,Fighting,,,,,,,,,,,,,,,
9,Paldea,0923,Pawmot,00001174,Electric,Fighting,,,,,,,,,,,,,,,
9,Paldea,0924,Tandemaus,00001175,Normal,xMono,,,,,,,,,,,,,,,
9,Paldea,0925,Maushold 4,00001176,Normal,xMono,,,,,,,,,,,,,,,
9,Paldea,0925.1,Maushold 3,00001177,Normal,xMono,,,,,,,,,,,,,,,
9,Paldea,0926,Fidough,00001178,Fairy,xMono,,,,,,,,,,,,,,,
9,Paldea,0927,Dachsbun,00001179,Fairy,xMono,,,,,,,,,,,,,,,
9,Paldea,0928,Smoliv,00001180,Grass,Normal,,,,,,,,,,,,,,,
9,Paldea,0929,Dolliv,00001181,Grass,Normal,,,,,,,,,,,,,,,
9,Paldea,0930,Arboliva,00001182,Grass,Normal,,,,,,,,,,,,,,,
9,Paldea,0931,Squawkabilly Green,00001183,Normal,Flying,,,,,,,,,,,,,,,
9,Paldea,0931.1,Squawkabilly Blue,00001184,Normal,Flying,,,,,,,,,,,,,,,
9,Paldea,0931.2,Squawkabilly Yellow,00001185,Normal,Flying,,,,,,,,,,,,,,,
9,Paldea,0931.3,Squawkabilly White,00001186,Normal,Flying,,,,,,,,,,,,,,,
9,Paldea,0932,Nacli,00001187,Rock,xMono,,,,,,,,,,,,,,,
9,Paldea,0933,Naclstack,00001188,Rock,xMono,,,,,,,,,,,,,,,
9,Paldea,0934,Garganacl,00001189,Rock,xMono,,,,,,,,,,,,,,,
9,Paldea,0935,Charcadet,00001190,Fire,xMono,,,,,,,,,,,,,,,
9,Paldea,0936,Armarouge,00001191,Fire,Psychic,,,,,,,,,,,,,,,
9,Paldea,0937,Ceruledge,00001192,Fire,Ghost,,,,,,,,,,,,,,,
9,Paldea,0938,Tadbulb,00001193,Electric,xMono,,,,,,,,,,,,,,,
9,Paldea,0939,Bellibolt,00001194,Electric,xMono,,,,,,,,,,,,,,,
9,Paldea,0940,Wattrel,00001195,Electric,Flying,,,,,,,,,,,,,,,
9,Paldea,0941,Kilowattrel,00001196,Electric,Flying,,,,,,,,,,,,,,,
9,Paldea,0942,Maschiff,00001197,Dark,xMono,,,,,,,,,,,,,,,
9,Paldea,0943,Mabosstiff,00001198,Dark,xMono,,,,,,,,,,,,,,,
9,Paldea,0944,Shroodle,00001199,Poison,Normal,,,,,,,,,,,,,,,
9,Paldea,0945,Grafaiai,00001200,Poison,Normal,,,,,,,,,,,,,,,
9,Paldea,0946,Bramblin,00001201,Grass,Ghost,,,,,,,,,,,,,,,
9,Paldea,0947,Brambleghast,00001202,Grass,Ghost,,,,,,,,,,,,,,,
9,Paldea,0948,Toedscool,00001203,Ground,Grass,,,,,,,,,,,,,,,
9,Paldea,0949,Toedscruel,00001204,Ground,Grass,,,,,,,,,,,,,,,
9,Paldea,0950,Klawf,00001205,Rock,xMono,,,,,,,,,,,,,,,
9,Paldea,0951,Capsakid,00001206,Grass,xMono,,,,,,,,,,,,,,,
9,Paldea,0952,Scovillain,00001207,Grass,Fire,,,,,,,,,,,,,,,
9,Paldea,0953,Rellor,00001208,Bug,xMono,,,,,,,,,,,,,,,
9,Paldea,0954,Rabsca,00001209,Bug,Psychic,,,,,,,,,,,,,,,
9,Paldea,0955,Flittle,00001210,Psychic,xMono,,,,,,,,,,,,,,,
9,Paldea,0956,Espathra,00001211,Psychic,xMono,,,,,,,,,,,,,,,
9,Paldea,0957,Tinkatink,00001212,Fairy,Steel,,,,,,,,,,,,,,,
9,Paldea,0958,Tinkatuff,00001213,Fairy,Steel,,,,,,,,,,,,,,,
9,Paldea,0959,Tinkaton,00001214,Fairy,Steel,,,,,,,,,,,,,,,
9,Paldea,0960,Wiglett,00001215,Water,xMono,,,,,,,,,,,,,,,
9,Paldea,0961,Wugtrio,00001216,Water,xMono,,,,,,,,,,,,,,,
9,Paldea,0962,Bombirdier,00001217,Flying,Dark,,,,,,,,,,,,,,,
9,Paldea,0963,Finizen,00001218,Water,xMono,,,,,,,,,,,,,,,
9,Paldea,0964,Palafin Zero,00001219,Water,xMono,,,,,,,,,,,,,,,
9,Paldea,0964.1,Palafin Hero,00001220,Water,xMono,,,,,,,,,,,,,,,
9,Paldea,0965,Varoom,00001221,Steel,Poison,,,,,,,,,,,,,,,
9,Paldea,0966,Revavroom,00001222,Steel,Poison,,,,,,,,,,,,,,,
9,Paldea,0967,Cyclizar,00001223,Dragon,Normal,,,,,,,,,,,,,,,
9,Paldea,0968,Orthworm,00001224,Steel,xMono,,,,,,,,,,,,,,,
9,Paldea,0969,Glimmet,00001225,Rock,Poison,,,,,,,,,,,,,,,
9,Paldea,0970,Glimmora,00001226,Rock,Poison,,,,,,,,,,,,,,,
9,Paldea,0971,Greavard,00001227,Ghost,xMono,,,,,,,,,,,,,,,
9,Paldea,0972,Houndstone,00001228,Ghost,xMono,,,,,,,,,,,,,,,
9,Paldea,0973,Flamigo,00001229,Flying,Fighting,,,,,,,,,,,,,,,
9,Paldea,0974,Cetoddle,00001230,Ice,xMono,,,,,,,,,,,,,,,
9,Paldea,0975,Cetitan,00001231,Ice,xMono,,,,,,,,,,,,,,,
9,Paldea,0976,Veluza,00001232,Water,Psychic,,,,,,,,,,,,,,,
9,Paldea,0977,Dondozo,00001233,Water,xMono,,,,,,,,,,,,,,,
9,Paldea,0978,Tatsugiri Curly,00001234,Dragon,Water,,,,,,,,,,,,,,,
9,Paldea,0978.1,Tatsugiri Droopy,00001235,Dragon,Water,,,,,,,,,,,,,,,
9,Paldea,0978.2,Tatsugiri Stretchy,00001236,Dragon,Water,,,,,,,,,,,,,,,
9,Paldea,0979,Annihilape,00001237,Fighting,Ghost,,,,,,,,,,,,,,,
9,Paldea,0980,Clodsire,00001238,Poison,Ground,,,,,,,,,,,,,,,
9,Paldea,0981,Farigiraf,00001239,Normal,Psychic,,,,,,,,,,,,,,,
9,Paldea,0982,Dudunsparce,00001240,Normal,xMono,,,,,,,,,,,,,,,
9,Paldea,0982.1,Dudunsparce Three Segment,00001241,Normal,xMono,,,,,,,,,,,,,,,
9,Paldea,0983,Kingambit,00001242,Dark,Steel,,,,,,,,,,,,,,,
9,Paldea,0984,Great Tusk,00001243,Ground,Fighting,,,,,,,,,,,,,,,
9,Paldea,0985,Scream Tail,00001244,Fairy,Psychic,,,,,,,,,,,,,,,
9,Paldea,0986,Brute Bonnet,00001245,Grass,Dark,,,,,,,,,,,,,,,
9,Paldea,0987,Flutter Mane,00001246,Ghost,Fairy,,,,,,,,,,,,,,,
9,Paldea,0988,Slither Wing,00001247,Bug,Fighting,,,,,,,,,,,,,,,
9,Paldea,0989,Sandy Shocks,00001248,Electric,Ground,,,,,,,,,,,,,,,
9,Paldea,0990,Iron Treads,00001249,Ground,Steel,,,,,,,,,,,,,,,
9,Paldea,0991,Iron Bundle,00001250,Ice,Water,,,,,,,,,,,,,,,
9,Paldea,0992,Iron Hands,00001251,Fighting,Electric,,,,,,,,,,,,,,,
9,Paldea,0993,Iron Jugulis,00001252,Dark,Flying,,,,,,,,,,,,,,,
9,Paldea,0994,Iron Moth,00001253,Fire,Poison,,,,,,,,,,,,,,,
9,Paldea,0995,Iron Thorns,00001254,Rock,Electric,,,,,,,,,,,,,,,
9,Paldea,0996,Frigibax,00001255,Dragon,Ice,,,,,,,,,,,,,,,
9,Paldea,0997,Arctibax,00001256,Dragon,Ice,,,,,,,,,,,,,,,
9,Paldea,0998,Baxcalibur,00001257,Dragon,Ice,,,,,,,,,,,,,,,
9,Paldea,0998.1,Baxcalibur Mega,00001258,Dragon,Ice,,,,,,,,,,,,,,,
9,Paldea,0999,Gimmighoul,00001259,Ghost,xMono,,,,,,,,,,,,,,,
9,Paldea,0999.1,Gimmighoul Roaming,00001260,Ghost,xMono,,,,,,,,,,,,,,,
9,Paldea,1000,Gholdengo,00001261,Steel,Ghost,,,,,,,,,,,,,,,
9,Paldea,1001,Wo Chien,00001262,Dark,Grass,,,,,,,,,,,,,,,
9,Paldea,1002,Chien Pao,00001263,Dark,Ice,,,,,,,,,,,,,,,
9,Paldea,1003,Ting Lu,00001264,Dark,Ground,,,,,,,,,,,,,,,
9,Paldea,1004,Chi Yu,00001265,Dark,Fire,,,,,,,,,,,,,,,
9,Paldea,1005,Roaring Moon,00001266,Dragon,Dark,,,,,,,,,,,,,,,
9,Paldea,1006,Iron Valiant,00001267,Fairy,Fighting,,,,,,,,,,,,,,,
9,Paldea,1007,Koraidon,00001268,Fighting,Dragon,,,,,,,,,,,,,,,
9,Paldea,1008,Miraidon,00001269,Electric,Dragon,,,,,,,,,,,,,,,
9,Paldea,1009,Walking Wake,00001270,Water,Dragon,,,,,,,,,,,,,,,
9,Paldea,1010,Iron Leaves,00001271,Grass,Psychic,,,,,,,,,,,,,,,
9,Paldea,1011,Dipplin,00001272,Grass,Dragon,,,,,,,,,,,,,,,
9,Paldea,1012,Poltchageist,00001273,Grass,Ghost,,,,,,,,,,,,,,,
9,Paldea,1013,Sinistcha,00001274,Grass,Ghost,,,,,,,,,,,,,,,
9,Paldea,1014,Okidogi,00001275,Poison,Fighting,,,,,,,,,,,,,,,
9,Paldea,1015,Munkidori,00001276,Poison,Psychic,,,,,,,,,,,,,,,
9,Paldea,1016,Fezandipiti,00001277,Poison,Fairy,,,,,,,,,,,,,,,
9,Paldea,1017,Ogerpon,00001278,Grass,xMono,,,,,,,,,,,,,,,
9,Paldea,1017.1,Ogerpon Wellspring Mask,00001279,Grass,Water,,,,,,,,,,,,,,,
9,Paldea,1017.2,Ogerpon Hearthflame Mask,00001280,Grass,Fire,,,,,,,,,,,,,,,
9,Paldea,1017.3,Ogerpon Cornerstone Mask,00001281,Grass,Rock,,,,,,,,,,,,,,,
9,Paldea,1018,Archaludon,00001282,Steel,Dragon,,,,,,,,,,,,,,,
9,Paldea,1019,Hydrapple,00001283,Grass,Dragon,,,,,,,,,,,,,,,
9,Paldea,1020,Gouging Fire,00001284,Fire,Dragon,,,,,,,,,,,,,,,
9,Paldea,1021,Raging Bolt,00001285,Electric,Dragon,,,,,,,,,,,,,,,
9,Paldea,1022,Iron Boulder,00001286,Rock,Psychic,,,,,,,,,,,,,,,
9,Paldea,1023,Iron Crown,00001287,Steel,Psychic,,,,,,,,,,,,,,,
9,Paldea,1024,Terapagos,00001288,Normal,xMono,,,,,,,,,,,,,,,
9,Paldea,1024.1,Terapagos Terastal,00001289,Normal,xMono,,,,,,,,,,,,,,,
9,Paldea,1024.2,Terapagos Stellar,00001290,Normal,xMono,,,,,,,,,,,,,,,
9,Paldea,1025,Pecharunt,00001291,Poison,Ghost,,,,,,,,,,,,,,,
4,Sinnoh,0412.1,Burmy Sandy,00001292,Bug,xMono,,,,,,,,,,,,,,,
4,Sinnoh,0412.2,Burmy Trash,00001293,Bug,xMono,,,,,,,,,,,,,,,
4,Sinnoh,0421.1,Cherrim Sunshine,00001294,Grass,xMono,,,,,,,,,,,,,,,
4,Sinnoh,0422.1,Shellos East,00001295,Water,xMono,,,,,,,,,,,,,,,
4,Sinnoh,0423.1,Gastrodon East,00001296,Water,Ground,,,,,,,,,,,,,,,
5,Unova,0585.1,Deerling Summer,00001297,Normal,Grass,,,,,,,,,,,,,,,
5,Unova,0585.2,Deerling Fall,00001298,Normal,Grass,,,,,,,,,,,,,,,
5,Unova,0585.3,Deerling Winter,00001299,Normal,Grass,,,,,,,,,,,,,,,
5,Unova,0586.1,Sawsbuck Summer,00001300,Normal,Grass,,,,,,,,,,,,,,,
5,Unova,0586.2,Sawsbuck Fall,00001301,Normal,Grass,,,,,,,,,,,,,,,
5,Unova,0586.3,Sawsbuck Winter,00001302,Normal,Grass,,,,,,,,,,,,,,,
5,Unova,0592.1,Frillish Female,00001303,Water,Ghost,,,,,,,,,,,,,,,
5,Unova,0593.1,Jellicent Female,00001304,Water,Ghost,,,,,,,,,,,,,,,
5,Unova,0521.1,Unfezant Female,00001305,Normal,Flying,,,,,,,,,,,,,,,
6,Kalos,0668.2,Pyroar Female,00001306,Fire,Normal,,,,,,,,,,,,,,,
4,Sinnoh,0449.1,Hippopotas Female,00001307,Ground,xMono,,,,,,,,,,,,,,,
4,Sinnoh,0450.1,Hippowdon Female,00001308,Ground,xMono,,,,,,,,,,,,,,,
3,Hoenn,0359.2,Absol Mega Z,00001309,Dark,Ghost,,,,,,,,,,,,,,,
4,Sinnoh,0398.1,Staraptor Mega,00001310,Fighting,Flying,,,,,,,,,,,,,,,
4,Sinnoh,0445.2,Garchomp Mega Z,00001311,Dragon,xMono,,,,,,,,,,,,,,,
4,Sinnoh,0448.2,Lucario Mega Z,00001312,Fighting,Steel,,,,,,,,,,,,,,,
5,Unova,0623.1,Golurk Mega,00001313,Ground,Ghost,,,,,,,,,,,,,,,
6,Kalos,0678.2,Meowstic Mega,00001314,Psychic,xMono,,,,,,,,,,,,,,,
7,Alola,0740.1,Crabominable Mega,00001315,Fighting,Ice,,,,,,,,,,,,,,,
7,Alola,0768.1,Golisopod Mega,00001316,Bug,Steel,,,,,,,,,,,,,,,
7,Alola,0801.2,Magearna Mega,00001317,Steel,Fairy,,,,,,,,,,,,,,,
7,Alola,0801.3,Magearna Original Mega,00001318,Steel,Fairy,,,,,,,,,,,,,,,
9,Paldea,0952.1,Scovillain Mega,00001319,Grass,Fire,,,,,,,,,,,,,,,
9,Paldea,0970.1,Glimmora Mega,00001320,Rock,Poison,,,,,,,,,,,,,,,
9,Paldea,0978.3,Tatsugiri Curly Mega,00001321,Dragon,Water,,,,,,,,,,,,,,,
9,Paldea,0978.4,Tatsugiri Droopy Mega,00001322,Dragon,Water,,,,,,,,,,,,,,,
9,Paldea,0978.5,Tatsugiri Stretchy Mega,00001323,Dragon,Water,,,,,,,,,,,,,,,